/*
 Navicat Premium Data Transfer

 Source Server         : 192.168.0.157
 Source Server Type    : MySQL
 Source Server Version : 100313
 Source Host           : 192.168.0.157:3306
 Source Schema         : bpos-account

 Target Server Type    : MySQL
 Target Server Version : 100313
 File Encoding         : 65001

 Date: 15/05/2019 10:12:51
*/

SET NAMES utf8mb4;
SET FOREIGN_KEY_CHECKS = 0;

-- ----------------------------
-- Table structure for mill
-- ----------------------------
DROP TABLE IF EXISTS `mill`;
CREATE TABLE `mill`  (
  `id` bigint(20) NOT NULL AUTO_INCREMENT,
  `account_name` varchar(50) CHARACTER SET utf8 COLLATE utf8_general_ci NULL DEFAULT NULL,
  `name` varchar(50) CHARACTER SET utf8 COLLATE utf8_general_ci NULL DEFAULT NULL COMMENT '矿机别名',
  `old_name` varchar(100) CHARACTER SET utf8 COLLATE utf8_general_ci NULL DEFAULT NULL COMMENT '原名',
  `group_id` int(11) NULL DEFAULT NULL,
  `activate` int(2) NULL DEFAULT 0 COMMENT '1表示删除,0表示未删除',
  `coin` varchar(50) CHARACTER SET utf8 COLLATE utf8_general_ci NULL DEFAULT NULL COMMENT '币种',
  PRIMARY KEY (`id`) USING BTREE
) ENGINE = InnoDB AUTO_INCREMENT = 2061 CHARACTER SET = utf8 COLLATE = utf8_general_ci ROW_FORMAT = Dynamic;

-- ----------------------------
-- Records of mill
-- ----------------------------
INSERT INTO `mill` VALUES (1, 'gongyong', '45x26', '45x26', 1, 1, 'ltc');
INSERT INTO `mill` VALUES (2, 'gongyong', '45x41', '45x41', 3, 0, 'ltc');
INSERT INTO `mill` VALUES (3, 'gongyong', '45x36', '45x36', 1, 1, 'ltc');
INSERT INTO `mill` VALUES (4, 'gongyong', '45x9', '45x9', 1, 0, 'ltc');
INSERT INTO `mill` VALUES (5, 'gongyong', '45x57', '45x57', 3, 1, 'ltc');
INSERT INTO `mill` VALUES (6, 'gongyong', 'test333', '45x74', 5, 0, 'ltc');
INSERT INTO `mill` VALUES (7, 'gongyong', '45x76', '45x76', 4, 0, 'ltc');
INSERT INTO `mill` VALUES (8, 'gongyong', '41x3', '41x3', 5, 0, 'ltc');
INSERT INTO `mill` VALUES (9, 'gongyong', '38x36', '38x36', 5, 0, 'ltc');
INSERT INTO `mill` VALUES (10, 'gongyong', '45x65', '45x65', NULL, 0, 'ltc');
INSERT INTO `mill` VALUES (11, 'gongyong', '39x50', '39x50', NULL, 0, 'ltc');
INSERT INTO `mill` VALUES (12, 'gongyong', '39x48', '39x48', NULL, 0, 'ltc');
INSERT INTO `mill` VALUES (13, 'gongyong', '41x1', '41x1', NULL, 0, 'ltc');
INSERT INTO `mill` VALUES (14, 'gongyong', '45x72', '45x72', NULL, 0, 'ltc');
INSERT INTO `mill` VALUES (15, 'gongyong', '39x46', '39x46', NULL, 0, 'ltc');
INSERT INTO `mill` VALUES (16, 'gongyong', '45x25', '45x25', NULL, 0, 'ltc');
INSERT INTO `mill` VALUES (17, 'gongyong', '45x80', '45x80', NULL, 0, 'ltc');
INSERT INTO `mill` VALUES (18, 'gongyong', '45x45', '45x45', NULL, 0, 'ltc');
INSERT INTO `mill` VALUES (19, 'gongyong', '45x40', '45x40', NULL, 0, 'ltc');
INSERT INTO `mill` VALUES (20, 'gongyong', '45x69', '45x69', NULL, 0, 'ltc');
INSERT INTO `mill` VALUES (21, 'gongyong', '39x51', '39x51', NULL, 0, 'ltc');
INSERT INTO `mill` VALUES (22, 'gongyong', '45x47', '45x47', NULL, 0, 'ltc');
INSERT INTO `mill` VALUES (23, 'gongyong', '45x13', '45x13', NULL, 0, 'ltc');
INSERT INTO `mill` VALUES (24, 'gongyong', '45x49', '45x49', NULL, 0, 'ltc');
INSERT INTO `mill` VALUES (25, 'gongyong', '45x62', '45x62', NULL, 0, 'ltc');
INSERT INTO `mill` VALUES (26, 'gongyong', '39x49', '39x49', NULL, 0, 'ltc');
INSERT INTO `mill` VALUES (27, 'gongyong', '45x79', '45x79', NULL, 0, 'ltc');
INSERT INTO `mill` VALUES (28, 'gongyong', '45x34', '45x34', NULL, 0, 'ltc');
INSERT INTO `mill` VALUES (29, 'gongyong', '45x71', '45x71', NULL, 0, 'ltc');
INSERT INTO `mill` VALUES (30, 'gongyong', '45x75', '45x75', NULL, 0, 'ltc');
INSERT INTO `mill` VALUES (31, 'gongyong', '45x78', '45x78', NULL, 0, 'ltc');
INSERT INTO `mill` VALUES (32, 'gongyong', '45x32', '45x32', NULL, 0, 'ltc');
INSERT INTO `mill` VALUES (33, 'gongyong', '39x47', '39x47', NULL, 0, 'ltc');
INSERT INTO `mill` VALUES (34, 'ltc123', '38x35', '38x35', NULL, 0, 'ltc');
INSERT INTO `mill` VALUES (35, 'ltc123', '38x49', '38x49', NULL, 0, 'ltc');
INSERT INTO `mill` VALUES (36, 'ltc123', '38x45', '38x45', NULL, 0, 'ltc');
INSERT INTO `mill` VALUES (37, 'ltc123', '38x39', '38x39', NULL, 0, 'ltc');
INSERT INTO `mill` VALUES (38, 'ltc123', '38x46', '38x46', NULL, 0, 'ltc');
INSERT INTO `mill` VALUES (39, 'ltc123', '38x44', '38x44', NULL, 0, 'ltc');
INSERT INTO `mill` VALUES (40, 'ltc123', '38x41', '38x41', NULL, 0, 'ltc');
INSERT INTO `mill` VALUES (41, 'ltc123', '38x37', '38x37', NULL, 0, 'ltc');
INSERT INTO `mill` VALUES (42, 'ltc123', '38x50', '38x50', NULL, 0, 'ltc');
INSERT INTO `mill` VALUES (43, 'ltc123', '38x54', '38x54', NULL, 0, 'ltc');
INSERT INTO `mill` VALUES (44, 'ltc123', '38x40', '38x40', NULL, 0, 'ltc');
INSERT INTO `mill` VALUES (45, 'ltc123', '38x48', '38x48', NULL, 0, 'ltc');
INSERT INTO `mill` VALUES (46, 'ltc123', '38x38', '38x38', NULL, 0, 'ltc');
INSERT INTO `mill` VALUES (47, 'ltc123', '38x51', '38x51', NULL, 0, 'ltc');
INSERT INTO `mill` VALUES (48, 'ltc123', '38x33', '38x33', NULL, 0, 'ltc');
INSERT INTO `mill` VALUES (49, 'ltc123', '38x34', '38x34', NULL, 0, 'ltc');
INSERT INTO `mill` VALUES (50, 'ltc123', '38x42', '38x42', NULL, 0, 'ltc');
INSERT INTO `mill` VALUES (51, 'ltc123', '38x43', '38x43', NULL, 0, 'ltc');
INSERT INTO `mill` VALUES (52, 'ltc123', '38x52', '38x52', NULL, 0, 'ltc');
INSERT INTO `mill` VALUES (53, 'ltc123', '38x47', '38x47', NULL, 0, 'ltc');
INSERT INTO `mill` VALUES (54, 'ltc123', '38x53', '38x53', NULL, 0, 'ltc');
INSERT INTO `mill` VALUES (55, 'ltc123', '45x63', '45x63', NULL, 0, 'ltc');
INSERT INTO `mill` VALUES (56, 'zy14', '11x3', '11x3', NULL, 0, 'ltc');
INSERT INTO `mill` VALUES (57, 'zy14', '11x150', '11x150', NULL, 0, 'ltc');
INSERT INTO `mill` VALUES (58, 'zy14', '11x160', '11x160', NULL, 0, 'ltc');
INSERT INTO `mill` VALUES (59, 'zy14', '11x157', '11x157', NULL, 0, 'ltc');
INSERT INTO `mill` VALUES (60, 'zy14', '11x152', '11x152', NULL, 0, 'ltc');
INSERT INTO `mill` VALUES (61, 'zy14', '11x159', '11x159', NULL, 0, 'ltc');
INSERT INTO `mill` VALUES (62, 'zy14', '11x154', '11x154', NULL, 0, 'ltc');
INSERT INTO `mill` VALUES (63, 'zy14', '11x2', '11x2', NULL, 0, 'ltc');
INSERT INTO `mill` VALUES (64, 'zy14', '11x151', '11x151', NULL, 0, 'ltc');
INSERT INTO `mill` VALUES (65, 'zy14', '11x8', '11x8', NULL, 0, 'ltc');
INSERT INTO `mill` VALUES (66, 'zy14', '11x156', '11x156', NULL, 0, 'ltc');
INSERT INTO `mill` VALUES (67, 'zy14', '11x158', '11x158', NULL, 0, 'ltc');
INSERT INTO `mill` VALUES (68, 'zy14', '11x155', '11x155', NULL, 0, 'ltc');
INSERT INTO `mill` VALUES (69, 'zy14', '11x153', '11x153', NULL, 0, 'ltc');
INSERT INTO `mill` VALUES (70, 'wangman850', '35x9', '35x9', NULL, 0, 'ltc');
INSERT INTO `mill` VALUES (71, 'wangman850', '23x52', '23x52', NULL, 0, 'ltc');
INSERT INTO `mill` VALUES (72, 'wangman850', '28x25', '28x25', NULL, 0, 'ltc');
INSERT INTO `mill` VALUES (73, 'wangman850', '31x57', '31x57', NULL, 0, 'ltc');
INSERT INTO `mill` VALUES (74, 'wangman850', '26x24', '26x24', NULL, 0, 'ltc');
INSERT INTO `mill` VALUES (75, 'wangman850', '26x77', '26x77', NULL, 0, 'ltc');
INSERT INTO `mill` VALUES (76, 'wangman850', '31x16', '31x16', NULL, 0, 'ltc');
INSERT INTO `mill` VALUES (77, 'wangman850', '35x50', '35x50', NULL, 0, 'ltc');
INSERT INTO `mill` VALUES (78, 'wangman850', '35x13', '35x13', NULL, 0, 'ltc');
INSERT INTO `mill` VALUES (79, 'wangman850', '23x35', '23x35', NULL, 0, 'ltc');
INSERT INTO `mill` VALUES (80, 'wangman850', '27x26', '27x26', NULL, 0, 'ltc');
INSERT INTO `mill` VALUES (81, 'wangman850', '32x19', '32x19', NULL, 0, 'ltc');
INSERT INTO `mill` VALUES (82, 'wangman850', '32x64', '32x64', NULL, 0, 'ltc');
INSERT INTO `mill` VALUES (83, 'wangman850', '35x60', '35x60', NULL, 0, 'ltc');
INSERT INTO `mill` VALUES (84, 'wangman850', '31x8', '31x8', NULL, 0, 'ltc');
INSERT INTO `mill` VALUES (85, 'wangman850', '34x52', '34x52', NULL, 0, 'ltc');
INSERT INTO `mill` VALUES (86, 'wangman850', '36x5', '36x5', NULL, 0, 'ltc');
INSERT INTO `mill` VALUES (87, 'wangman850', '35x36', '35x36', NULL, 0, 'ltc');
INSERT INTO `mill` VALUES (88, 'wangman850', '33x1', '33x1', NULL, 0, 'ltc');
INSERT INTO `mill` VALUES (89, 'wangman850', '28x28', '28x28', NULL, 0, 'ltc');
INSERT INTO `mill` VALUES (90, 'wangman850', '25x25', '25x25', NULL, 0, 'ltc');
INSERT INTO `mill` VALUES (91, 'wangman850', '26x44', '26x44', NULL, 0, 'ltc');
INSERT INTO `mill` VALUES (92, 'wangman850', '31x4', '31x4', NULL, 0, 'ltc');
INSERT INTO `mill` VALUES (93, 'wangman850', '35x61', '35x61', NULL, 0, 'ltc');
INSERT INTO `mill` VALUES (94, 'wangman850', '31x55', '31x55', NULL, 0, 'ltc');
INSERT INTO `mill` VALUES (95, 'wangman850', '36x3', '36x3', NULL, 0, 'ltc');
INSERT INTO `mill` VALUES (96, 'wangman850', '24x11', '24x11', NULL, 0, 'ltc');
INSERT INTO `mill` VALUES (97, 'wangman850', '34x28', '34x28', NULL, 0, 'ltc');
INSERT INTO `mill` VALUES (98, 'wangman850', '26x68', '26x68', NULL, 0, 'ltc');
INSERT INTO `mill` VALUES (99, 'wangman850', '26x28', '26x28', NULL, 0, 'ltc');
INSERT INTO `mill` VALUES (100, 'wangman850', '26x1', '26x1', NULL, 0, 'ltc');
INSERT INTO `mill` VALUES (101, 'wangman850', '26x49', '26x49', NULL, 0, 'ltc');
INSERT INTO `mill` VALUES (102, 'wangman850', '30x15', '30x15', NULL, 0, 'ltc');
INSERT INTO `mill` VALUES (103, 'wangman850', '31x6', '31x6', NULL, 0, 'ltc');
INSERT INTO `mill` VALUES (104, 'wangman850', '26x52', '26x52', NULL, 0, 'ltc');
INSERT INTO `mill` VALUES (105, 'wangman850', '31x31', '31x31', NULL, 0, 'ltc');
INSERT INTO `mill` VALUES (106, 'wangman850', '29x24', '29x24', NULL, 0, 'ltc');
INSERT INTO `mill` VALUES (107, 'wangman850', '23x34', '23x34', NULL, 0, 'ltc');
INSERT INTO `mill` VALUES (108, 'wangman850', '26x43', '26x43', NULL, 0, 'ltc');
INSERT INTO `mill` VALUES (109, 'wangman850', '35x57', '35x57', NULL, 0, 'ltc');
INSERT INTO `mill` VALUES (110, 'wangman850', '33x24', '33x24', NULL, 0, 'ltc');
INSERT INTO `mill` VALUES (111, 'wangman850', '28x18', '28x18', NULL, 0, 'ltc');
INSERT INTO `mill` VALUES (112, 'wangman850', '36x25', '36x25', NULL, 0, 'ltc');
INSERT INTO `mill` VALUES (113, 'wangman850', '30x1', '30x1', NULL, 0, 'ltc');
INSERT INTO `mill` VALUES (114, 'wangman850', '33x12', '33x12', NULL, 0, 'ltc');
INSERT INTO `mill` VALUES (115, 'wangman850', '33x74', '33x74', NULL, 0, 'ltc');
INSERT INTO `mill` VALUES (116, 'wangman850', '22x39', '22x39', NULL, 0, 'ltc');
INSERT INTO `mill` VALUES (117, 'wangman850', '23x62', '23x62', NULL, 0, 'ltc');
INSERT INTO `mill` VALUES (118, 'wangman850', '26x80', '26x80', NULL, 0, 'ltc');
INSERT INTO `mill` VALUES (119, 'wangman850', '23x14', '23x14', NULL, 0, 'ltc');
INSERT INTO `mill` VALUES (120, 'wangman850', '35x20', '35x20', NULL, 0, 'ltc');
INSERT INTO `mill` VALUES (121, 'wangman850', '34x4', '34x4', NULL, 0, 'ltc');
INSERT INTO `mill` VALUES (122, 'wangman850', '29x12', '29x12', NULL, 0, 'ltc');
INSERT INTO `mill` VALUES (123, 'wangman850', '32x74', '32x74', NULL, 0, 'ltc');
INSERT INTO `mill` VALUES (124, 'wangman850', '32x31', '32x31', NULL, 0, 'ltc');
INSERT INTO `mill` VALUES (125, 'wangman850', '23x11', '23x11', NULL, 0, 'ltc');
INSERT INTO `mill` VALUES (126, 'wangman850', '24x8', '24x8', NULL, 0, 'ltc');
INSERT INTO `mill` VALUES (127, 'wangman850', '26x76', '26x76', NULL, 0, 'ltc');
INSERT INTO `mill` VALUES (128, 'wangman850', '22x2', '22x2', NULL, 0, 'ltc');
INSERT INTO `mill` VALUES (129, 'wangman850', '26x23', '26x23', NULL, 0, 'ltc');
INSERT INTO `mill` VALUES (130, 'wangman850', '36x26', '36x26', NULL, 0, 'ltc');
INSERT INTO `mill` VALUES (131, 'wangman850', '30x8', '30x8', NULL, 0, 'ltc');
INSERT INTO `mill` VALUES (132, 'wangman850', '31x3', '31x3', NULL, 0, 'ltc');
INSERT INTO `mill` VALUES (133, 'wangman850', '31x29', '31x29', NULL, 0, 'ltc');
INSERT INTO `mill` VALUES (134, 'wangman850', '35x80', '35x80', NULL, 0, 'ltc');
INSERT INTO `mill` VALUES (135, 'wangman850', '23x5', '23x5', NULL, 0, 'ltc');
INSERT INTO `mill` VALUES (136, 'wangman850', '35x37', '35x37', NULL, 0, 'ltc');
INSERT INTO `mill` VALUES (137, 'wangman850', '25x1', '25x1', NULL, 0, 'ltc');
INSERT INTO `mill` VALUES (138, 'wangman850', '31x68', '31x68', NULL, 0, 'ltc');
INSERT INTO `mill` VALUES (139, 'wangman850', '26x37', '26x37', NULL, 0, 'ltc');
INSERT INTO `mill` VALUES (140, 'wangman850', '27x8', '27x8', NULL, 0, 'ltc');
INSERT INTO `mill` VALUES (141, 'wangman850', '35x77', '35x77', NULL, 0, 'ltc');
INSERT INTO `mill` VALUES (142, 'wangman850', '33x41', '33x41', NULL, 0, 'ltc');
INSERT INTO `mill` VALUES (143, 'wangman850', '23x9', '23x9', NULL, 0, 'ltc');
INSERT INTO `mill` VALUES (144, 'wangman850', '33x4', '33x4', NULL, 0, 'ltc');
INSERT INTO `mill` VALUES (145, 'wangman850', '22x4', '22x4', NULL, 0, 'ltc');
INSERT INTO `mill` VALUES (146, 'wangman850', '30x9', '30x9', NULL, 0, 'ltc');
INSERT INTO `mill` VALUES (147, 'wangman850', '35x2', '35x2', NULL, 0, 'ltc');
INSERT INTO `mill` VALUES (148, 'wangman850', '28x19', '28x19', NULL, 0, 'ltc');
INSERT INTO `mill` VALUES (149, 'wangman850', '30x22', '30x22', NULL, 0, 'ltc');
INSERT INTO `mill` VALUES (150, 'wangman850', '29x1', '29x1', NULL, 0, 'ltc');
INSERT INTO `mill` VALUES (151, 'wangman850', '34x17', '34x17', NULL, 0, 'ltc');
INSERT INTO `mill` VALUES (152, 'wangman850', '34x77', '34x77', NULL, 0, 'ltc');
INSERT INTO `mill` VALUES (153, 'wangman850', '22x78', '22x78', NULL, 0, 'ltc');
INSERT INTO `mill` VALUES (154, 'wangman850', '29x4', '29x4', NULL, 0, 'ltc');
INSERT INTO `mill` VALUES (155, 'wangman850', '29x19', '29x19', NULL, 0, 'ltc');
INSERT INTO `mill` VALUES (156, 'wangman850', '33x80', '33x80', NULL, 0, 'ltc');
INSERT INTO `mill` VALUES (157, 'wangman850', '26x34', '26x34', NULL, 0, 'ltc');
INSERT INTO `mill` VALUES (158, 'wangman850', '35x74', '35x74', NULL, 0, 'ltc');
INSERT INTO `mill` VALUES (159, 'wangman850', '27x9', '27x9', NULL, 0, 'ltc');
INSERT INTO `mill` VALUES (160, 'wangman850', '31x24', '31x24', NULL, 0, 'ltc');
INSERT INTO `mill` VALUES (161, 'wangman850', '22x68', '22x68', NULL, 0, 'ltc');
INSERT INTO `mill` VALUES (162, 'wangman850', '33x71', '33x71', NULL, 0, 'ltc');
INSERT INTO `mill` VALUES (163, 'wangman850', '30x17', '30x17', NULL, 0, 'ltc');
INSERT INTO `mill` VALUES (164, 'wangman850', '30x30', '30x30', NULL, 0, 'ltc');
INSERT INTO `mill` VALUES (165, 'wangman850', '32x37', '32x37', NULL, 0, 'ltc');
INSERT INTO `mill` VALUES (166, 'wangman850', '26x58', '26x58', NULL, 0, 'ltc');
INSERT INTO `mill` VALUES (167, 'wangman850', '22x6', '22x6', NULL, 0, 'ltc');
INSERT INTO `mill` VALUES (168, 'wangman850', '34x2', '34x2', NULL, 0, 'ltc');
INSERT INTO `mill` VALUES (169, 'wangman850', '22x27', '22x27', NULL, 0, 'ltc');
INSERT INTO `mill` VALUES (170, 'wangman850', '32x53', '32x53', NULL, 0, 'ltc');
INSERT INTO `mill` VALUES (171, 'wangman850', '26x9', '26x9', NULL, 0, 'ltc');
INSERT INTO `mill` VALUES (172, 'wangman850', '26x40', '26x40', NULL, 0, 'ltc');
INSERT INTO `mill` VALUES (173, 'wangman850', '24x18', '24x18', NULL, 0, 'ltc');
INSERT INTO `mill` VALUES (174, 'wangman850', '34x41', '34x41', NULL, 0, 'ltc');
INSERT INTO `mill` VALUES (175, 'wangman850', '32x33', '32x33', NULL, 0, 'ltc');
INSERT INTO `mill` VALUES (176, 'wangman850', '25x23', '25x23', NULL, 0, 'ltc');
INSERT INTO `mill` VALUES (177, 'wangman850', '31x64', '31x64', NULL, 0, 'ltc');
INSERT INTO `mill` VALUES (178, 'wangman850', '32x23', '32x23', NULL, 0, 'ltc');
INSERT INTO `mill` VALUES (179, 'wangman850', '32x7', '32x7', NULL, 0, 'ltc');
INSERT INTO `mill` VALUES (180, 'wangman850', '34x68', '34x68', NULL, 0, 'ltc');
INSERT INTO `mill` VALUES (181, 'wangman850', '33x8', '33x8', NULL, 0, 'ltc');
INSERT INTO `mill` VALUES (182, 'wangman850', '31x26', '31x26', NULL, 0, 'ltc');
INSERT INTO `mill` VALUES (183, 'wangman850', '29x8', '29x8', NULL, 0, 'ltc');
INSERT INTO `mill` VALUES (184, 'wangman850', '23x20', '23x20', NULL, 0, 'ltc');
INSERT INTO `mill` VALUES (185, 'wangman850', '34x40', '34x40', NULL, 0, 'ltc');
INSERT INTO `mill` VALUES (186, 'wangman850', '31x41', '31x41', NULL, 0, 'ltc');
INSERT INTO `mill` VALUES (187, 'wangman850', '32x73', '32x73', NULL, 0, 'ltc');
INSERT INTO `mill` VALUES (188, 'wangman850', '33x47', '33x47', NULL, 0, 'ltc');
INSERT INTO `mill` VALUES (189, 'wangman850', '26x30', '26x30', NULL, 0, 'ltc');
INSERT INTO `mill` VALUES (190, 'wangman850', '35x16', '35x16', NULL, 0, 'ltc');
INSERT INTO `mill` VALUES (191, 'wangman850', '33x65', '33x65', NULL, 0, 'ltc');
INSERT INTO `mill` VALUES (192, 'wangman850', '32x9', '32x9', NULL, 0, 'ltc');
INSERT INTO `mill` VALUES (193, 'wangman850', '22x58', '22x58', NULL, 0, 'ltc');
INSERT INTO `mill` VALUES (194, 'wangman850', '23x4', '23x4', NULL, 0, 'ltc');
INSERT INTO `mill` VALUES (195, 'wangman850', '26x22', '26x22', NULL, 0, 'ltc');
INSERT INTO `mill` VALUES (196, 'wangman850', '23x49', '23x49', NULL, 0, 'ltc');
INSERT INTO `mill` VALUES (197, 'wangman850', '24x22', '24x22', NULL, 0, 'ltc');
INSERT INTO `mill` VALUES (198, 'wangman850', '34x21', '34x21', NULL, 0, 'ltc');
INSERT INTO `mill` VALUES (199, 'wangman850', '34x63', '34x63', NULL, 0, 'ltc');
INSERT INTO `mill` VALUES (200, 'wangman850', '35x44', '35x44', NULL, 0, 'ltc');
INSERT INTO `mill` VALUES (201, 'wangman850', '33x10', '33x10', NULL, 0, 'ltc');
INSERT INTO `mill` VALUES (202, 'wangman850', '24x1', '24x1', NULL, 0, 'ltc');
INSERT INTO `mill` VALUES (203, 'wangman850', '29x30', '29x30', NULL, 0, 'ltc');
INSERT INTO `mill` VALUES (204, 'wangman850', '22x21', '22x21', NULL, 0, 'ltc');
INSERT INTO `mill` VALUES (205, 'wangman850', '22x10', '22x10', NULL, 0, 'ltc');
INSERT INTO `mill` VALUES (206, 'wangman850', '36x28', '36x28', NULL, 0, 'ltc');
INSERT INTO `mill` VALUES (207, 'wangman850', '23x22', '23x22', NULL, 0, 'ltc');
INSERT INTO `mill` VALUES (208, 'wangman850', '26x53', '26x53', NULL, 0, 'ltc');
INSERT INTO `mill` VALUES (209, 'wangman850', '26x66', '26x66', NULL, 0, 'ltc');
INSERT INTO `mill` VALUES (210, 'wangman850', '31x35', '31x35', NULL, 0, 'ltc');
INSERT INTO `mill` VALUES (211, 'wangman850', '33x31', '33x31', NULL, 0, 'ltc');
INSERT INTO `mill` VALUES (212, 'wangman850', '33x2', '33x2', NULL, 0, 'ltc');
INSERT INTO `mill` VALUES (213, 'wangman850', '26x75', '26x75', NULL, 0, 'ltc');
INSERT INTO `mill` VALUES (214, 'wangman850', '22x24', '22x24', NULL, 0, 'ltc');
INSERT INTO `mill` VALUES (215, 'wangman850', '27x12', '27x12', NULL, 0, 'ltc');
INSERT INTO `mill` VALUES (216, 'wangman850', '33x23', '33x23', NULL, 0, 'ltc');
INSERT INTO `mill` VALUES (217, 'wangman850', '30x11', '30x11', NULL, 0, 'ltc');
INSERT INTO `mill` VALUES (218, 'wangman850', '32x16', '32x16', NULL, 0, 'ltc');
INSERT INTO `mill` VALUES (219, 'wangman850', '36x9', '36x9', NULL, 0, 'ltc');
INSERT INTO `mill` VALUES (220, 'wangman850', '36x12', '36x12', NULL, 0, 'ltc');
INSERT INTO `mill` VALUES (221, 'wangman850', '22x49', '22x49', NULL, 0, 'ltc');
INSERT INTO `mill` VALUES (222, 'wangman850', '33x13', '33x13', NULL, 0, 'ltc');
INSERT INTO `mill` VALUES (223, 'wangman850', '31x42', '31x42', NULL, 0, 'ltc');
INSERT INTO `mill` VALUES (224, 'wangman850', '36x24', '36x24', NULL, 0, 'ltc');
INSERT INTO `mill` VALUES (225, 'wangman850', '34x70', '34x70', NULL, 0, 'ltc');
INSERT INTO `mill` VALUES (226, 'wangman850', '32x24', '32x24', NULL, 0, 'ltc');
INSERT INTO `mill` VALUES (227, 'wangman850', '31x52', '31x52', NULL, 0, 'ltc');
INSERT INTO `mill` VALUES (228, 'wangman850', '30x10', '30x10', NULL, 0, 'ltc');
INSERT INTO `mill` VALUES (229, 'wangman850', '24x6', '24x6', NULL, 0, 'ltc');
INSERT INTO `mill` VALUES (230, 'wangman850', '32x70', '32x70', NULL, 0, 'ltc');
INSERT INTO `mill` VALUES (231, 'wangman850', '23x78', '23x78', NULL, 0, 'ltc');
INSERT INTO `mill` VALUES (232, 'wangman850', '33x72', '33x72', NULL, 0, 'ltc');
INSERT INTO `mill` VALUES (233, 'wangman850', '33x52', '33x52', NULL, 0, 'ltc');
INSERT INTO `mill` VALUES (234, 'wangman850', '22x67', '22x67', NULL, 0, 'ltc');
INSERT INTO `mill` VALUES (235, 'wangman850', '31x49', '31x49', NULL, 0, 'ltc');
INSERT INTO `mill` VALUES (236, 'wangman850', '29x15', '29x15', NULL, 0, 'ltc');
INSERT INTO `mill` VALUES (237, 'wangman850', '35x65', '35x65', NULL, 0, 'ltc');
INSERT INTO `mill` VALUES (238, 'wangman850', '24x28', '24x28', NULL, 0, 'ltc');
INSERT INTO `mill` VALUES (239, 'wangman850', '34x55', '34x55', NULL, 0, 'ltc');
INSERT INTO `mill` VALUES (240, 'wangman850', '22x34', '22x34', NULL, 0, 'ltc');
INSERT INTO `mill` VALUES (241, 'wangman850', '26x51', '26x51', NULL, 0, 'ltc');
INSERT INTO `mill` VALUES (242, 'wangman850', '35x71', '35x71', NULL, 0, 'ltc');
INSERT INTO `mill` VALUES (243, 'wangman850', '22x31', '22x31', NULL, 0, 'ltc');
INSERT INTO `mill` VALUES (244, 'wangman850', '25x3', '25x3', NULL, 0, 'ltc');
INSERT INTO `mill` VALUES (245, 'wangman850', '32x68', '32x68', NULL, 0, 'ltc');
INSERT INTO `mill` VALUES (246, 'wangman850', '34x10', '34x10', NULL, 0, 'ltc');
INSERT INTO `mill` VALUES (247, 'wangman850', '22x50', '22x50', NULL, 0, 'ltc');
INSERT INTO `mill` VALUES (248, 'wangman850', '27x2', '27x2', NULL, 0, 'ltc');
INSERT INTO `mill` VALUES (249, 'wangman850', '36x11', '36x11', NULL, 0, 'ltc');
INSERT INTO `mill` VALUES (250, 'wangman850', '33x43', '33x43', NULL, 0, 'ltc');
INSERT INTO `mill` VALUES (251, 'wangman850', '35x35', '35x35', NULL, 0, 'ltc');
INSERT INTO `mill` VALUES (252, 'wangman850', '31x65', '31x65', NULL, 0, 'ltc');
INSERT INTO `mill` VALUES (253, 'wangman850', '23x38', '23x38', NULL, 0, 'ltc');
INSERT INTO `mill` VALUES (254, 'wangman850', '31x51', '31x51', NULL, 0, 'ltc');
INSERT INTO `mill` VALUES (255, 'wangman850', '24x17', '24x17', NULL, 0, 'ltc');
INSERT INTO `mill` VALUES (256, 'wangman850', '26x41', '26x41', NULL, 0, 'ltc');
INSERT INTO `mill` VALUES (257, 'wangman850', '35x3', '35x3', NULL, 0, 'ltc');
INSERT INTO `mill` VALUES (258, 'wangman850', '33x36', '33x36', NULL, 0, 'ltc');
INSERT INTO `mill` VALUES (259, 'wangman850', '33x35', '33x35', NULL, 0, 'ltc');
INSERT INTO `mill` VALUES (260, 'wangman850', '36x6', '36x6', NULL, 0, 'ltc');
INSERT INTO `mill` VALUES (261, 'wangman850', '35x70', '35x70', NULL, 0, 'ltc');
INSERT INTO `mill` VALUES (262, 'wangman850', '33x78', '33x78', NULL, 0, 'ltc');
INSERT INTO `mill` VALUES (263, 'wangman850', '23x47', '23x47', NULL, 0, 'ltc');
INSERT INTO `mill` VALUES (264, 'wangman850', '23x71', '23x71', NULL, 0, 'ltc');
INSERT INTO `mill` VALUES (265, 'wangman850', '33x70', '33x70', NULL, 0, 'ltc');
INSERT INTO `mill` VALUES (266, 'wangman850', '25x30', '25x30', NULL, 0, 'ltc');
INSERT INTO `mill` VALUES (267, 'wangman850', '27x13', '27x13', NULL, 0, 'ltc');
INSERT INTO `mill` VALUES (268, 'wangman850', '33x14', '33x14', NULL, 0, 'ltc');
INSERT INTO `mill` VALUES (269, 'wangman850', '24x19', '24x19', NULL, 0, 'ltc');
INSERT INTO `mill` VALUES (270, 'wangman850', '31x48', '31x48', NULL, 0, 'ltc');
INSERT INTO `mill` VALUES (271, 'wangman850', '28x16', '28x16', NULL, 0, 'ltc');
INSERT INTO `mill` VALUES (272, 'wangman850', '31x74', '31x74', NULL, 0, 'ltc');
INSERT INTO `mill` VALUES (273, 'wangman850', '31x32', '31x32', NULL, 0, 'ltc');
INSERT INTO `mill` VALUES (274, 'wangman850', '34x14', '34x14', NULL, 0, 'ltc');
INSERT INTO `mill` VALUES (275, 'wangman850', '22x66', '22x66', NULL, 0, 'ltc');
INSERT INTO `mill` VALUES (276, 'wangman850', '22x23', '22x23', NULL, 0, 'ltc');
INSERT INTO `mill` VALUES (277, 'wangman850', '23x12', '23x12', NULL, 0, 'ltc');
INSERT INTO `mill` VALUES (278, 'wangman850', '26x4', '26x4', NULL, 0, 'ltc');
INSERT INTO `mill` VALUES (279, 'wangman850', '34x37', '34x37', NULL, 0, 'ltc');
INSERT INTO `mill` VALUES (280, 'wangman850', '31x63', '31x63', NULL, 0, 'ltc');
INSERT INTO `mill` VALUES (281, 'wangman850', '26x70', '26x70', NULL, 0, 'ltc');
INSERT INTO `mill` VALUES (282, 'wangman850', '29x6', '29x6', NULL, 0, 'ltc');
INSERT INTO `mill` VALUES (283, 'wangman850', '23x2', '23x2', NULL, 0, 'ltc');
INSERT INTO `mill` VALUES (284, 'wangman850', '29x22', '29x22', NULL, 0, 'ltc');
INSERT INTO `mill` VALUES (285, 'wangman850', '33x26', '33x26', NULL, 0, 'ltc');
INSERT INTO `mill` VALUES (286, 'wangman850', '31x61', '31x61', NULL, 0, 'ltc');
INSERT INTO `mill` VALUES (287, 'wangman850', '35x23', '35x23', NULL, 0, 'ltc');
INSERT INTO `mill` VALUES (288, 'wangman850', '29x3', '29x3', NULL, 0, 'ltc');
INSERT INTO `mill` VALUES (289, 'wangman850', '22x42', '22x42', NULL, 0, 'ltc');
INSERT INTO `mill` VALUES (290, 'wangman850', '31x47', '31x47', NULL, 0, 'ltc');
INSERT INTO `mill` VALUES (291, 'wangman850', '32x21', '32x21', NULL, 0, 'ltc');
INSERT INTO `mill` VALUES (292, 'wangman850', '22x45', '22x45', NULL, 0, 'ltc');
INSERT INTO `mill` VALUES (293, 'wangman850', '22x80', '22x80', NULL, 0, 'ltc');
INSERT INTO `mill` VALUES (294, 'wangman850', '33x42', '33x42', NULL, 0, 'ltc');
INSERT INTO `mill` VALUES (295, 'wangman850', '24x25', '24x25', NULL, 0, 'ltc');
INSERT INTO `mill` VALUES (296, 'wangman850', '22x54', '22x54', NULL, 0, 'ltc');
INSERT INTO `mill` VALUES (297, 'wangman850', '29x14', '29x14', NULL, 0, 'ltc');
INSERT INTO `mill` VALUES (298, 'wangman850', '35x54', '35x54', NULL, 0, 'ltc');
INSERT INTO `mill` VALUES (299, 'wangman850', '24x29', '24x29', NULL, 0, 'ltc');
INSERT INTO `mill` VALUES (300, 'wangman850', '26x16', '26x16', NULL, 0, 'ltc');
INSERT INTO `mill` VALUES (301, 'wangman850', '31x78', '31x78', NULL, 0, 'ltc');
INSERT INTO `mill` VALUES (302, 'wangman850', '31x45', '31x45', NULL, 0, 'ltc');
INSERT INTO `mill` VALUES (303, 'wangman850', '25x15', '25x15', NULL, 0, 'ltc');
INSERT INTO `mill` VALUES (304, 'wangman850', '22x71', '22x71', NULL, 0, 'ltc');
INSERT INTO `mill` VALUES (305, 'wangman850', '31x5', '31x5', NULL, 0, 'ltc');
INSERT INTO `mill` VALUES (306, 'wangman850', '23x18', '23x18', NULL, 0, 'ltc');
INSERT INTO `mill` VALUES (307, 'wangman850', '27x22', '27x22', NULL, 0, 'ltc');
INSERT INTO `mill` VALUES (308, 'wangman850', '35x34', '35x34', NULL, 0, 'ltc');
INSERT INTO `mill` VALUES (309, 'wangman850', '27x7', '27x7', NULL, 0, 'ltc');
INSERT INTO `mill` VALUES (310, 'wangman850', '33x60', '33x60', NULL, 0, 'ltc');
INSERT INTO `mill` VALUES (311, 'wangman850', '27x11', '27x11', NULL, 0, 'ltc');
INSERT INTO `mill` VALUES (312, 'wangman850', '35x30', '35x30', NULL, 0, 'ltc');
INSERT INTO `mill` VALUES (313, 'wangman850', '36x19', '36x19', NULL, 0, 'ltc');
INSERT INTO `mill` VALUES (314, 'wangman850', '22x63', '22x63', NULL, 0, 'ltc');
INSERT INTO `mill` VALUES (315, 'wangman850', '32x77', '32x77', NULL, 0, 'ltc');
INSERT INTO `mill` VALUES (316, 'wangman850', '25x24', '25x24', NULL, 0, 'ltc');
INSERT INTO `mill` VALUES (317, 'wangman850', '29x23', '29x23', NULL, 0, 'ltc');
INSERT INTO `mill` VALUES (318, 'wangman850', '35x18', '35x18', NULL, 0, 'ltc');
INSERT INTO `mill` VALUES (319, 'wangman850', '35x33', '35x33', NULL, 0, 'ltc');
INSERT INTO `mill` VALUES (320, 'wangman850', '35x51', '35x51', NULL, 0, 'ltc');
INSERT INTO `mill` VALUES (321, 'wangman850', '31x18', '31x18', NULL, 0, 'ltc');
INSERT INTO `mill` VALUES (322, 'wangman850', '26x78', '26x78', NULL, 0, 'ltc');
INSERT INTO `mill` VALUES (323, 'wangman850', '34x23', '34x23', NULL, 0, 'ltc');
INSERT INTO `mill` VALUES (324, 'wangman850', '28x9', '28x9', NULL, 0, 'ltc');
INSERT INTO `mill` VALUES (325, 'wangman850', '31x14', '31x14', NULL, 0, 'ltc');
INSERT INTO `mill` VALUES (326, 'wangman850', '32x35', '32x35', NULL, 0, 'ltc');
INSERT INTO `mill` VALUES (327, 'wangman850', '22x73', '22x73', NULL, 0, 'ltc');
INSERT INTO `mill` VALUES (328, 'wangman850', '35x6', '35x6', NULL, 0, 'ltc');
INSERT INTO `mill` VALUES (329, 'wangman850', '27x10', '27x10', NULL, 0, 'ltc');
INSERT INTO `mill` VALUES (330, 'wangman850', '35x49', '35x49', NULL, 0, 'ltc');
INSERT INTO `mill` VALUES (331, 'wangman850', '32x75', '32x75', NULL, 0, 'ltc');
INSERT INTO `mill` VALUES (332, 'wangman850', '30x26', '30x26', NULL, 0, 'ltc');
INSERT INTO `mill` VALUES (333, 'wangman850', '33x76', '33x76', NULL, 0, 'ltc');
INSERT INTO `mill` VALUES (334, 'wangman850', '32x55', '32x55', NULL, 0, 'ltc');
INSERT INTO `mill` VALUES (335, 'wangman850', '34x56', '34x56', NULL, 0, 'ltc');
INSERT INTO `mill` VALUES (336, 'wangman850', '23x3', '23x3', NULL, 0, 'ltc');
INSERT INTO `mill` VALUES (337, 'wangman850', '25x21', '25x21', NULL, 0, 'ltc');
INSERT INTO `mill` VALUES (338, 'wangman850', '27x24', '27x24', NULL, 0, 'ltc');
INSERT INTO `mill` VALUES (339, 'wangman850', '28x11', '28x11', NULL, 0, 'ltc');
INSERT INTO `mill` VALUES (340, 'wangman850', '26x29', '26x29', NULL, 0, 'ltc');
INSERT INTO `mill` VALUES (341, 'wangman850', '33x19', '33x19', NULL, 0, 'ltc');
INSERT INTO `mill` VALUES (342, 'wangman850', '35x42', '35x42', NULL, 0, 'ltc');
INSERT INTO `mill` VALUES (343, 'wangman850', '32x50', '32x50', NULL, 0, 'ltc');
INSERT INTO `mill` VALUES (344, 'wangman850', '31x23', '31x23', NULL, 0, 'ltc');
INSERT INTO `mill` VALUES (345, 'wangman850', '34x38', '34x38', NULL, 0, 'ltc');
INSERT INTO `mill` VALUES (346, 'wangman850', '22x60', '22x60', NULL, 0, 'ltc');
INSERT INTO `mill` VALUES (347, 'wangman850', '23x36', '23x36', NULL, 0, 'ltc');
INSERT INTO `mill` VALUES (348, 'wangman850', '30x18', '30x18', NULL, 0, 'ltc');
INSERT INTO `mill` VALUES (349, 'wangman850', '32x80', '32x80', NULL, 0, 'ltc');
INSERT INTO `mill` VALUES (350, 'wangman850', '32x38', '32x38', NULL, 0, 'ltc');
INSERT INTO `mill` VALUES (351, 'wangman850', '36x16', '36x16', NULL, 0, 'ltc');
INSERT INTO `mill` VALUES (352, 'wangman850', '34x47', '34x47', NULL, 0, 'ltc');
INSERT INTO `mill` VALUES (353, 'wangman850', '22x11', '22x11', NULL, 0, 'ltc');
INSERT INTO `mill` VALUES (354, 'wangman850', '35x68', '35x68', NULL, 0, 'ltc');
INSERT INTO `mill` VALUES (355, 'wangman850', '22x25', '22x25', NULL, 0, 'ltc');
INSERT INTO `mill` VALUES (356, 'wangman850', '31x79', '31x79', NULL, 0, 'ltc');
INSERT INTO `mill` VALUES (357, 'wangman850', '23x32', '23x32', NULL, 0, 'ltc');
INSERT INTO `mill` VALUES (358, 'wangman850', '31x19', '31x19', NULL, 0, 'ltc');
INSERT INTO `mill` VALUES (359, 'wangman850', '36x18', '36x18', NULL, 0, 'ltc');
INSERT INTO `mill` VALUES (360, 'wangman850', '22x59', '22x59', NULL, 0, 'ltc');
INSERT INTO `mill` VALUES (361, 'wangman850', '24x16', '24x16', NULL, 0, 'ltc');
INSERT INTO `mill` VALUES (362, 'wangman850', '34x42', '34x42', NULL, 0, 'ltc');
INSERT INTO `mill` VALUES (363, 'wangman850', '35x52', '35x52', NULL, 0, 'ltc');
INSERT INTO `mill` VALUES (364, 'wangman850', '34x5', '34x5', NULL, 0, 'ltc');
INSERT INTO `mill` VALUES (365, 'wangman850', '32x39', '32x39', NULL, 0, 'ltc');
INSERT INTO `mill` VALUES (366, 'wangman850', '32x10', '32x10', NULL, 0, 'ltc');
INSERT INTO `mill` VALUES (367, 'wangman850', '23x55', '23x55', NULL, 0, 'ltc');
INSERT INTO `mill` VALUES (368, 'wangman850', '22x26', '22x26', NULL, 0, 'ltc');
INSERT INTO `mill` VALUES (369, 'wangman850', '28x7', '28x7', NULL, 0, 'ltc');
INSERT INTO `mill` VALUES (370, 'wangman850', '32x63', '32x63', NULL, 0, 'ltc');
INSERT INTO `mill` VALUES (371, 'wangman850', '26x5', '26x5', NULL, 0, 'ltc');
INSERT INTO `mill` VALUES (372, 'wangman850', '26x63', '26x63', NULL, 0, 'ltc');
INSERT INTO `mill` VALUES (373, 'wangman850', '35x72', '35x72', NULL, 0, 'ltc');
INSERT INTO `mill` VALUES (374, 'wangman850', '23x73', '23x73', NULL, 0, 'ltc');
INSERT INTO `mill` VALUES (375, 'wangman850', '36x8', '36x8', NULL, 0, 'ltc');
INSERT INTO `mill` VALUES (376, 'wangman850', '31x40', '31x40', NULL, 0, 'ltc');
INSERT INTO `mill` VALUES (377, 'wangman850', '35x4', '35x4', NULL, 0, 'ltc');
INSERT INTO `mill` VALUES (378, 'wangman850', '32x3', '32x3', NULL, 0, 'ltc');
INSERT INTO `mill` VALUES (379, 'wangman850', '31x39', '31x39', NULL, 0, 'ltc');
INSERT INTO `mill` VALUES (380, 'wangman850', '31x21', '31x21', NULL, 0, 'ltc');
INSERT INTO `mill` VALUES (381, 'wangman850', '32x44', '32x44', NULL, 0, 'ltc');
INSERT INTO `mill` VALUES (382, 'wangman850', '32x1', '32x1', NULL, 0, 'ltc');
INSERT INTO `mill` VALUES (383, 'wangman850', '35x32', '35x32', NULL, 0, 'ltc');
INSERT INTO `mill` VALUES (384, 'wangman850', '34x61', '34x61', NULL, 0, 'ltc');
INSERT INTO `mill` VALUES (385, 'wangman850', '32x56', '32x56', NULL, 0, 'ltc');
INSERT INTO `mill` VALUES (386, 'wangman850', '35x47', '35x47', NULL, 0, 'ltc');
INSERT INTO `mill` VALUES (387, 'wangman850', '34x48', '34x48', NULL, 0, 'ltc');
INSERT INTO `mill` VALUES (388, 'wangman850', '34x27', '34x27', NULL, 0, 'ltc');
INSERT INTO `mill` VALUES (389, 'wangman850', '24x7', '24x7', NULL, 0, 'ltc');
INSERT INTO `mill` VALUES (390, 'wangman850', '33x64', '33x64', NULL, 0, 'ltc');
INSERT INTO `mill` VALUES (391, 'wangman850', '33x54', '33x54', NULL, 0, 'ltc');
INSERT INTO `mill` VALUES (392, 'wangman850', '23x21', '23x21', NULL, 0, 'ltc');
INSERT INTO `mill` VALUES (393, 'wangman850', '35x38', '35x38', NULL, 0, 'ltc');
INSERT INTO `mill` VALUES (394, 'wangman850', '32x26', '32x26', NULL, 0, 'ltc');
INSERT INTO `mill` VALUES (395, 'wangman850', '26x32', '26x32', NULL, 0, 'ltc');
INSERT INTO `mill` VALUES (396, 'wangman850', '26x18', '26x18', NULL, 0, 'ltc');
INSERT INTO `mill` VALUES (397, 'wangman850', '31x9', '31x9', NULL, 0, 'ltc');
INSERT INTO `mill` VALUES (398, 'wangman850', '22x69', '22x69', NULL, 0, 'ltc');
INSERT INTO `mill` VALUES (399, 'wangman850', '31x59', '31x59', NULL, 0, 'ltc');
INSERT INTO `mill` VALUES (400, 'wangman850', '31x15', '31x15', NULL, 0, 'ltc');
INSERT INTO `mill` VALUES (401, 'wangman850', '30x24', '30x24', NULL, 0, 'ltc');
INSERT INTO `mill` VALUES (402, 'wangman850', '35x12', '35x12', NULL, 0, 'ltc');
INSERT INTO `mill` VALUES (403, 'wangman850', '35x19', '35x19', NULL, 0, 'ltc');
INSERT INTO `mill` VALUES (404, 'wangman850', '36x27', '36x27', NULL, 0, 'ltc');
INSERT INTO `mill` VALUES (405, 'wangman850', '34x9', '34x9', NULL, 0, 'ltc');
INSERT INTO `mill` VALUES (406, 'wangman850', '24x26', '24x26', NULL, 0, 'ltc');
INSERT INTO `mill` VALUES (407, 'wangman850', '34x1', '34x1', NULL, 0, 'ltc');
INSERT INTO `mill` VALUES (408, 'wangman850', '31x77', '31x77', NULL, 0, 'ltc');
INSERT INTO `mill` VALUES (409, 'wangman850', '32x69', '32x69', NULL, 0, 'ltc');
INSERT INTO `mill` VALUES (410, 'wangman850', '35x24', '35x24', NULL, 0, 'ltc');
INSERT INTO `mill` VALUES (411, 'wangman850', '23x74', '23x74', NULL, 0, 'ltc');
INSERT INTO `mill` VALUES (412, 'wangman850', '26x50', '26x50', NULL, 0, 'ltc');
INSERT INTO `mill` VALUES (413, 'wangman850', '34x8', '34x8', NULL, 0, 'ltc');
INSERT INTO `mill` VALUES (414, 'wangman850', '34x73', '34x73', NULL, 0, 'ltc');
INSERT INTO `mill` VALUES (415, 'wangman850', '32x52', '32x52', NULL, 0, 'ltc');
INSERT INTO `mill` VALUES (416, 'wangman850', '33x61', '33x61', NULL, 0, 'ltc');
INSERT INTO `mill` VALUES (417, 'wangman850', '25x22', '25x22', NULL, 0, 'ltc');
INSERT INTO `mill` VALUES (418, 'wangman850', '22x13', '22x13', NULL, 0, 'ltc');
INSERT INTO `mill` VALUES (419, 'wangman850', '28x2', '28x2', NULL, 0, 'ltc');
INSERT INTO `mill` VALUES (420, 'wangman850', '29x21', '29x21', NULL, 0, 'ltc');
INSERT INTO `mill` VALUES (421, 'wangman850', '32x32', '32x32', NULL, 0, 'ltc');
INSERT INTO `mill` VALUES (422, 'wangman850', '31x36', '31x36', NULL, 0, 'ltc');
INSERT INTO `mill` VALUES (423, 'wangman850', '29x9', '29x9', NULL, 0, 'ltc');
INSERT INTO `mill` VALUES (424, 'wangman850', '23x45', '23x45', NULL, 0, 'ltc');
INSERT INTO `mill` VALUES (425, 'wangman850', '26x6', '26x6', NULL, 0, 'ltc');
INSERT INTO `mill` VALUES (426, 'wangman850', '35x43', '35x43', NULL, 0, 'ltc');
INSERT INTO `mill` VALUES (427, 'wangman850', '23x19', '23x19', NULL, 0, 'ltc');
INSERT INTO `mill` VALUES (428, 'wangman850', '32x60', '32x60', NULL, 0, 'ltc');
INSERT INTO `mill` VALUES (429, 'wangman850', '32x27', '32x27', NULL, 0, 'ltc');
INSERT INTO `mill` VALUES (430, 'wangman850', '29x27', '29x27', NULL, 0, 'ltc');
INSERT INTO `mill` VALUES (431, 'wangman850', '34x54', '34x54', NULL, 0, 'ltc');
INSERT INTO `mill` VALUES (432, 'wangman850', '34x53', '34x53', NULL, 0, 'ltc');
INSERT INTO `mill` VALUES (433, 'wangman850', '23x16', '23x16', NULL, 0, 'ltc');
INSERT INTO `mill` VALUES (434, 'wangman850', '35x66', '35x66', NULL, 0, 'ltc');
INSERT INTO `mill` VALUES (435, 'wangman850', '32x47', '32x47', NULL, 0, 'ltc');
INSERT INTO `mill` VALUES (436, 'wangman850', '22x7', '22x7', NULL, 0, 'ltc');
INSERT INTO `mill` VALUES (437, 'wangman850', '33x44', '33x44', NULL, 0, 'ltc');
INSERT INTO `mill` VALUES (438, 'wangman850', '25x10', '25x10', NULL, 0, 'ltc');
INSERT INTO `mill` VALUES (439, 'wangman850', '22x72', '22x72', NULL, 0, 'ltc');
INSERT INTO `mill` VALUES (440, 'wangman850', '29x26', '29x26', NULL, 0, 'ltc');
INSERT INTO `mill` VALUES (441, 'wangman850', '23x54', '23x54', NULL, 0, 'ltc');
INSERT INTO `mill` VALUES (442, 'wangman850', '34x79', '34x79', NULL, 0, 'ltc');
INSERT INTO `mill` VALUES (443, 'wangman850', '23x29', '23x29', NULL, 0, 'ltc');
INSERT INTO `mill` VALUES (444, 'wangman850', '32x5', '32x5', NULL, 0, 'ltc');
INSERT INTO `mill` VALUES (445, 'wangman850', '22x52', '22x52', NULL, 0, 'ltc');
INSERT INTO `mill` VALUES (446, 'wangman850', '26x65', '26x65', NULL, 0, 'ltc');
INSERT INTO `mill` VALUES (447, 'wangman850', '35x26', '35x26', NULL, 0, 'ltc');
INSERT INTO `mill` VALUES (448, 'wangman850', '34x20', '34x20', NULL, 0, 'ltc');
INSERT INTO `mill` VALUES (449, 'wangman850', '26x26', '26x26', NULL, 0, 'ltc');
INSERT INTO `mill` VALUES (450, 'wangman850', '23x69', '23x69', NULL, 0, 'ltc');
INSERT INTO `mill` VALUES (451, 'wangman850', '36x2', '36x2', NULL, 0, 'ltc');
INSERT INTO `mill` VALUES (452, 'wangman850', '35x27', '35x27', NULL, 0, 'ltc');
INSERT INTO `mill` VALUES (453, 'wangman850', '30x3', '30x3', NULL, 0, 'ltc');
INSERT INTO `mill` VALUES (454, 'wangman850', '33x75', '33x75', NULL, 0, 'ltc');
INSERT INTO `mill` VALUES (455, 'wangman850', '33x3', '33x3', NULL, 0, 'ltc');
INSERT INTO `mill` VALUES (456, 'wangman850', '34x74', '34x74', NULL, 0, 'ltc');
INSERT INTO `mill` VALUES (457, 'wangman850', '22x43', '22x43', NULL, 0, 'ltc');
INSERT INTO `mill` VALUES (458, 'wangman850', '33x73', '33x73', NULL, 0, 'ltc');
INSERT INTO `mill` VALUES (459, 'wangman850', '23x25', '23x25', NULL, 0, 'ltc');
INSERT INTO `mill` VALUES (460, 'wangman850', '26x73', '26x73', NULL, 0, 'ltc');
INSERT INTO `mill` VALUES (461, 'wangman850', '28x24', '28x24', NULL, 0, 'ltc');
INSERT INTO `mill` VALUES (462, 'wangman850', '33x66', '33x66', NULL, 0, 'ltc');
INSERT INTO `mill` VALUES (463, 'wangman850', '36x1', '36x1', NULL, 0, 'ltc');
INSERT INTO `mill` VALUES (464, 'wangman850', '34x11', '34x11', NULL, 0, 'ltc');
INSERT INTO `mill` VALUES (465, 'wangman850', '31x76', '31x76', NULL, 0, 'ltc');
INSERT INTO `mill` VALUES (466, 'wangman850', '34x30', '34x30', NULL, 0, 'ltc');
INSERT INTO `mill` VALUES (467, 'wangman850', '22x29', '22x29', NULL, 0, 'ltc');
INSERT INTO `mill` VALUES (468, 'wangman850', '22x35', '22x35', NULL, 0, 'ltc');
INSERT INTO `mill` VALUES (469, 'wangman850', '31x20', '31x20', NULL, 0, 'ltc');
INSERT INTO `mill` VALUES (470, 'wangman850', '27x27', '27x27', NULL, 0, 'ltc');
INSERT INTO `mill` VALUES (471, 'wangman850', '24x30', '24x30', NULL, 0, 'ltc');
INSERT INTO `mill` VALUES (472, 'wangman850', '22x17', '22x17', NULL, 0, 'ltc');
INSERT INTO `mill` VALUES (473, 'wangman850', '23x33', '23x33', NULL, 0, 'ltc');
INSERT INTO `mill` VALUES (474, 'wangman850', '28x29', '28x29', NULL, 0, 'ltc');
INSERT INTO `mill` VALUES (475, 'wangman850', '33x39', '33x39', NULL, 0, 'ltc');
INSERT INTO `mill` VALUES (476, 'wangman850', '34x44', '34x44', NULL, 0, 'ltc');
INSERT INTO `mill` VALUES (477, 'wangman850', '35x48', '35x48', NULL, 0, 'ltc');
INSERT INTO `mill` VALUES (478, 'wangman850', '31x62', '31x62', NULL, 0, 'ltc');
INSERT INTO `mill` VALUES (479, 'wangman850', '28x12', '28x12', NULL, 0, 'ltc');
INSERT INTO `mill` VALUES (480, 'wangman850', '22x46', '22x46', NULL, 0, 'ltc');
INSERT INTO `mill` VALUES (481, 'wangman850', '33x21', '33x21', NULL, 0, 'ltc');
INSERT INTO `mill` VALUES (482, 'wangman850', '25x4', '25x4', NULL, 0, 'ltc');
INSERT INTO `mill` VALUES (483, 'wangman850', '31x1', '31x1', NULL, 0, 'ltc');
INSERT INTO `mill` VALUES (484, 'wangman850', '36x4', '36x4', NULL, 0, 'ltc');
INSERT INTO `mill` VALUES (485, 'wangman850', '35x8', '35x8', NULL, 0, 'ltc');
INSERT INTO `mill` VALUES (486, 'wangman850', '34x43', '34x43', NULL, 0, 'ltc');
INSERT INTO `mill` VALUES (487, 'wangman850', '33x34', '33x34', NULL, 0, 'ltc');
INSERT INTO `mill` VALUES (488, 'wangman850', '24x14', '24x14', NULL, 0, 'ltc');
INSERT INTO `mill` VALUES (489, 'wangman850', '34x62', '34x62', NULL, 0, 'ltc');
INSERT INTO `mill` VALUES (490, 'wangman850', '33x59', '33x59', NULL, 0, 'ltc');
INSERT INTO `mill` VALUES (491, 'wangman850', '34x7', '34x7', NULL, 0, 'ltc');
INSERT INTO `mill` VALUES (492, 'wangman850', '33x29', '33x29', NULL, 0, 'ltc');
INSERT INTO `mill` VALUES (493, 'wangman850', '33x27', '33x27', NULL, 0, 'ltc');
INSERT INTO `mill` VALUES (494, 'wangman850', '23x42', '23x42', NULL, 0, 'ltc');
INSERT INTO `mill` VALUES (495, 'wangman850', '32x66', '32x66', NULL, 0, 'ltc');
INSERT INTO `mill` VALUES (496, 'wangman850', '23x80', '23x80', NULL, 0, 'ltc');
INSERT INTO `mill` VALUES (497, 'wangman850', '26x42', '26x42', NULL, 0, 'ltc');
INSERT INTO `mill` VALUES (498, 'wangman850', '30x4', '30x4', NULL, 0, 'ltc');
INSERT INTO `mill` VALUES (499, 'wangman850', '36x17', '36x17', NULL, 0, 'ltc');
INSERT INTO `mill` VALUES (500, 'wangman850', '33x49', '33x49', NULL, 0, 'ltc');
INSERT INTO `mill` VALUES (501, 'wangman850', '29x25', '29x25', NULL, 0, 'ltc');
INSERT INTO `mill` VALUES (502, 'wangman850', '24x24', '24x24', NULL, 0, 'ltc');
INSERT INTO `mill` VALUES (503, 'wangman850', '23x15', '23x15', NULL, 0, 'ltc');
INSERT INTO `mill` VALUES (504, 'wangman850', '35x63', '35x63', NULL, 0, 'ltc');
INSERT INTO `mill` VALUES (505, 'wangman850', '31x69', '31x69', NULL, 0, 'ltc');
INSERT INTO `mill` VALUES (506, 'wangman850', '30x2', '30x2', NULL, 0, 'ltc');
INSERT INTO `mill` VALUES (507, 'wangman850', '35x64', '35x64', NULL, 0, 'ltc');
INSERT INTO `mill` VALUES (508, 'wangman850', '26x19', '26x19', NULL, 0, 'ltc');
INSERT INTO `mill` VALUES (509, 'wangman850', '23x79', '23x79', NULL, 0, 'ltc');
INSERT INTO `mill` VALUES (510, 'wangman850', '27x3', '27x3', NULL, 0, 'ltc');
INSERT INTO `mill` VALUES (511, 'wangman850', '29x20', '29x20', NULL, 0, 'ltc');
INSERT INTO `mill` VALUES (512, 'wangman850', '32x36', '32x36', NULL, 0, 'ltc');
INSERT INTO `mill` VALUES (513, 'wangman850', '31x54', '31x54', NULL, 0, 'ltc');
INSERT INTO `mill` VALUES (514, 'wangman850', '22x16', '22x16', NULL, 0, 'ltc');
INSERT INTO `mill` VALUES (515, 'wangman850', '22x15', '22x15', NULL, 0, 'ltc');
INSERT INTO `mill` VALUES (516, 'wangman850', '22x75', '22x75', NULL, 0, 'ltc');
INSERT INTO `mill` VALUES (517, 'wangman850', '32x12', '32x12', NULL, 0, 'ltc');
INSERT INTO `mill` VALUES (518, 'wangman850', '34x12', '34x12', NULL, 0, 'ltc');
INSERT INTO `mill` VALUES (519, 'wangman850', '27x17', '27x17', NULL, 0, 'ltc');
INSERT INTO `mill` VALUES (520, 'wangman850', '30x23', '30x23', NULL, 0, 'ltc');
INSERT INTO `mill` VALUES (521, 'wangman850', '33x40', '33x40', NULL, 0, 'ltc');
INSERT INTO `mill` VALUES (522, 'wangman850', '24x20', '24x20', NULL, 0, 'ltc');
INSERT INTO `mill` VALUES (523, 'wangman850', '32x59', '32x59', NULL, 0, 'ltc');
INSERT INTO `mill` VALUES (524, 'wangman850', '22x30', '22x30', NULL, 0, 'ltc');
INSERT INTO `mill` VALUES (525, 'wangman850', '22x65', '22x65', NULL, 0, 'ltc');
INSERT INTO `mill` VALUES (526, 'wangman850', '34x49', '34x49', NULL, 0, 'ltc');
INSERT INTO `mill` VALUES (527, 'wangman850', '34x16', '34x16', NULL, 0, 'ltc');
INSERT INTO `mill` VALUES (528, 'wangman850', '27x18', '27x18', NULL, 0, 'ltc');
INSERT INTO `mill` VALUES (529, 'wangman850', '33x6', '33x6', NULL, 0, 'ltc');
INSERT INTO `mill` VALUES (530, 'wangman850', '34x29', '34x29', NULL, 0, 'ltc');
INSERT INTO `mill` VALUES (531, 'wangman850', '28x23', '28x23', NULL, 0, 'ltc');
INSERT INTO `mill` VALUES (532, 'wangman850', '26x39', '26x39', NULL, 0, 'ltc');
INSERT INTO `mill` VALUES (533, 'wangman850', '23x39', '23x39', NULL, 0, 'ltc');
INSERT INTO `mill` VALUES (534, 'wangman850', '29x10', '29x10', NULL, 0, 'ltc');
INSERT INTO `mill` VALUES (535, 'wangman850', '30x19', '30x19', NULL, 0, 'ltc');
INSERT INTO `mill` VALUES (536, 'wangman850', '36x14', '36x14', NULL, 0, 'ltc');
INSERT INTO `mill` VALUES (537, 'wangman850', '31x75', '31x75', NULL, 0, 'ltc');
INSERT INTO `mill` VALUES (538, 'wangman850', '24x21', '24x21', NULL, 0, 'ltc');
INSERT INTO `mill` VALUES (539, 'wangman850', '28x21', '28x21', NULL, 0, 'ltc');
INSERT INTO `mill` VALUES (540, 'wangman850', '26x25', '26x25', NULL, 0, 'ltc');
INSERT INTO `mill` VALUES (541, 'wangman850', '27x4', '27x4', NULL, 0, 'ltc');
INSERT INTO `mill` VALUES (542, 'wangman850', '35x17', '35x17', NULL, 0, 'ltc');
INSERT INTO `mill` VALUES (543, 'wangman850', '35x79', '35x79', NULL, 0, 'ltc');
INSERT INTO `mill` VALUES (544, 'wangman850', '32x17', '32x17', NULL, 0, 'ltc');
INSERT INTO `mill` VALUES (545, 'wangman850', '23x8', '23x8', NULL, 0, 'ltc');
INSERT INTO `mill` VALUES (546, 'wangman850', '26x11', '26x11', NULL, 0, 'ltc');
INSERT INTO `mill` VALUES (547, 'wangman850', '34x80', '34x80', NULL, 0, 'ltc');
INSERT INTO `mill` VALUES (548, 'wangman850', '23x63', '23x63', NULL, 0, 'ltc');
INSERT INTO `mill` VALUES (549, 'wangman850', '32x48', '32x48', NULL, 0, 'ltc');
INSERT INTO `mill` VALUES (550, 'wangman850', '36x13', '36x13', NULL, 0, 'ltc');
INSERT INTO `mill` VALUES (551, 'wangman850', '35x78', '35x78', NULL, 0, 'ltc');
INSERT INTO `mill` VALUES (552, 'wangman850', '22x33', '22x33', NULL, 0, 'ltc');
INSERT INTO `mill` VALUES (553, 'wangman850', '29x2', '29x2', NULL, 0, 'ltc');
INSERT INTO `mill` VALUES (554, 'wangman850', '34x51', '34x51', NULL, 0, 'ltc');
INSERT INTO `mill` VALUES (555, 'wangman850', '32x67', '32x67', NULL, 0, 'ltc');
INSERT INTO `mill` VALUES (556, 'wangman850', '31x50', '31x50', NULL, 0, 'ltc');
INSERT INTO `mill` VALUES (557, 'wangman850', '23x23', '23x23', NULL, 0, 'ltc');
INSERT INTO `mill` VALUES (558, 'wangman850', '28x10', '28x10', NULL, 0, 'ltc');
INSERT INTO `mill` VALUES (559, 'wangman850', '36x21', '36x21', NULL, 0, 'ltc');
INSERT INTO `mill` VALUES (560, 'wangman850', '27x23', '27x23', NULL, 0, 'ltc');
INSERT INTO `mill` VALUES (561, 'wangman850', '34x45', '34x45', NULL, 0, 'ltc');
INSERT INTO `mill` VALUES (562, 'wangman850', '33x16', '33x16', NULL, 0, 'ltc');
INSERT INTO `mill` VALUES (563, 'wangman850', '36x10', '36x10', NULL, 0, 'ltc');
INSERT INTO `mill` VALUES (564, 'wangman850', '25x9', '25x9', NULL, 0, 'ltc');
INSERT INTO `mill` VALUES (565, 'wangman850', '36x22', '36x22', NULL, 0, 'ltc');
INSERT INTO `mill` VALUES (566, 'wangman850', '28x8', '28x8', NULL, 0, 'ltc');
INSERT INTO `mill` VALUES (567, 'wangman850', '33x56', '33x56', NULL, 0, 'ltc');
INSERT INTO `mill` VALUES (568, 'wangman850', '25x19', '25x19', NULL, 0, 'ltc');
INSERT INTO `mill` VALUES (569, 'wangman850', '25x7', '25x7', NULL, 0, 'ltc');
INSERT INTO `mill` VALUES (570, 'wangman850', '35x46', '35x46', NULL, 0, 'ltc');
INSERT INTO `mill` VALUES (571, 'wangman850', '33x22', '33x22', NULL, 0, 'ltc');
INSERT INTO `mill` VALUES (572, 'wangman850', '26x2', '26x2', NULL, 0, 'ltc');
INSERT INTO `mill` VALUES (573, 'wangman850', '27x14', '27x14', NULL, 0, 'ltc');
INSERT INTO `mill` VALUES (574, 'wangman850', '28x17', '28x17', NULL, 0, 'ltc');
INSERT INTO `mill` VALUES (575, 'wangman850', '32x25', '32x25', NULL, 0, 'ltc');
INSERT INTO `mill` VALUES (576, 'wangman850', '31x53', '31x53', NULL, 0, 'ltc');
INSERT INTO `mill` VALUES (577, 'wangman850', '23x43', '23x43', NULL, 0, 'ltc');
INSERT INTO `mill` VALUES (578, 'wangman850', '25x18', '25x18', NULL, 0, 'ltc');
INSERT INTO `mill` VALUES (579, 'wangman850', '33x37', '33x37', NULL, 0, 'ltc');
INSERT INTO `mill` VALUES (580, 'wangman850', '32x65', '32x65', NULL, 0, 'ltc');
INSERT INTO `mill` VALUES (581, 'wangman850', '26x46', '26x46', NULL, 0, 'ltc');
INSERT INTO `mill` VALUES (582, 'wangman850', '31x56', '31x56', NULL, 0, 'ltc');
INSERT INTO `mill` VALUES (583, 'wangman850', '26x57', '26x57', NULL, 0, 'ltc');
INSERT INTO `mill` VALUES (584, 'wangman850', '30x20', '30x20', NULL, 0, 'ltc');
INSERT INTO `mill` VALUES (585, 'wangman850', '32x2', '32x2', NULL, 0, 'ltc');
INSERT INTO `mill` VALUES (586, 'wangman850', '33x5', '33x5', NULL, 0, 'ltc');
INSERT INTO `mill` VALUES (587, 'wangman850', '32x34', '32x34', NULL, 0, 'ltc');
INSERT INTO `mill` VALUES (588, 'wangman850', '30x25', '30x25', NULL, 0, 'ltc');
INSERT INTO `mill` VALUES (589, 'wangman850', '26x48', '26x48', NULL, 0, 'ltc');
INSERT INTO `mill` VALUES (590, 'wangman850', '26x7', '26x7', NULL, 0, 'ltc');
INSERT INTO `mill` VALUES (591, 'wangman850', '23x37', '23x37', NULL, 0, 'ltc');
INSERT INTO `mill` VALUES (592, 'wangman850', '25x13', '25x13', NULL, 0, 'ltc');
INSERT INTO `mill` VALUES (593, 'wangman850', '33x58', '33x58', NULL, 0, 'ltc');
INSERT INTO `mill` VALUES (594, 'wangman850', '32x4', '32x4', NULL, 0, 'ltc');
INSERT INTO `mill` VALUES (595, 'wangman850', '34x72', '34x72', NULL, 0, 'ltc');
INSERT INTO `mill` VALUES (596, 'wangman850', '34x24', '34x24', NULL, 0, 'ltc');
INSERT INTO `mill` VALUES (597, 'wangman850', '22x44', '22x44', NULL, 0, 'ltc');
INSERT INTO `mill` VALUES (598, 'wangman850', '28x13', '28x13', NULL, 0, 'ltc');
INSERT INTO `mill` VALUES (599, 'wangman850', '32x41', '32x41', NULL, 0, 'ltc');
INSERT INTO `mill` VALUES (600, 'wangman850', '27x28', '27x28', NULL, 0, 'ltc');
INSERT INTO `mill` VALUES (601, 'wangman850', '22x56', '22x56', NULL, 0, 'ltc');
INSERT INTO `mill` VALUES (602, 'wangman850', '27x29', '27x29', NULL, 0, 'ltc');
INSERT INTO `mill` VALUES (603, 'wangman850', '29x11', '29x11', NULL, 0, 'ltc');
INSERT INTO `mill` VALUES (604, 'wangman850', '26x15', '26x15', NULL, 0, 'ltc');
INSERT INTO `mill` VALUES (605, 'wangman850', '23x75', '23x75', NULL, 0, 'ltc');
INSERT INTO `mill` VALUES (606, 'wangman850', '23x31', '23x31', NULL, 0, 'ltc');
INSERT INTO `mill` VALUES (607, 'wangman850', '31x71', '31x71', NULL, 0, 'ltc');
INSERT INTO `mill` VALUES (608, 'wangman850', '25x20', '25x20', NULL, 0, 'ltc');
INSERT INTO `mill` VALUES (609, 'wangman850', '28x22', '28x22', NULL, 0, 'ltc');
INSERT INTO `mill` VALUES (610, 'wangman850', '34x76', '34x76', NULL, 0, 'ltc');
INSERT INTO `mill` VALUES (611, 'wangman850', '26x33', '26x33', NULL, 0, 'ltc');
INSERT INTO `mill` VALUES (612, 'wangman850', '34x22', '34x22', NULL, 0, 'ltc');
INSERT INTO `mill` VALUES (613, 'wangman850', '26x74', '26x74', NULL, 0, 'ltc');
INSERT INTO `mill` VALUES (614, 'wangman850', '25x29', '25x29', NULL, 0, 'ltc');
INSERT INTO `mill` VALUES (615, 'wangman850', '34x34', '34x34', NULL, 0, 'ltc');
INSERT INTO `mill` VALUES (616, 'wangman850', '34x19', '34x19', NULL, 0, 'ltc');
INSERT INTO `mill` VALUES (617, 'wangman850', '26x72', '26x72', NULL, 0, 'ltc');
INSERT INTO `mill` VALUES (618, 'wangman850', '23x51', '23x51', NULL, 0, 'ltc');
INSERT INTO `mill` VALUES (619, 'wangman850', '26x79', '26x79', NULL, 0, 'ltc');
INSERT INTO `mill` VALUES (620, 'wangman850', '33x51', '33x51', NULL, 0, 'ltc');
INSERT INTO `mill` VALUES (621, 'wangman850', '29x17', '29x17', NULL, 0, 'ltc');
INSERT INTO `mill` VALUES (622, 'wangman850', '22x77', '22x77', NULL, 0, 'ltc');
INSERT INTO `mill` VALUES (623, 'wangman850', '34x6', '34x6', NULL, 0, 'ltc');
INSERT INTO `mill` VALUES (624, 'wangman850', '26x71', '26x71', NULL, 0, 'ltc');
INSERT INTO `mill` VALUES (625, 'wangman850', '22x62', '22x62', NULL, 0, 'ltc');
INSERT INTO `mill` VALUES (626, 'wangman850', '36x15', '36x15', NULL, 0, 'ltc');
INSERT INTO `mill` VALUES (627, 'wangman850', '34x65', '34x65', NULL, 0, 'ltc');
INSERT INTO `mill` VALUES (628, 'wangman850', '35x39', '35x39', NULL, 0, 'ltc');
INSERT INTO `mill` VALUES (629, 'wangman850', '23x13', '23x13', NULL, 0, 'ltc');
INSERT INTO `mill` VALUES (630, 'wangman850', '28x30', '28x30', NULL, 0, 'ltc');
INSERT INTO `mill` VALUES (631, 'wangman850', '30x21', '30x21', NULL, 0, 'ltc');
INSERT INTO `mill` VALUES (632, 'wangman850', '27x19', '27x19', NULL, 0, 'ltc');
INSERT INTO `mill` VALUES (633, 'wangman850', '33x9', '33x9', NULL, 0, 'ltc');
INSERT INTO `mill` VALUES (634, 'wangman850', '34x3', '34x3', NULL, 0, 'ltc');
INSERT INTO `mill` VALUES (635, 'wangman850', '32x43', '32x43', NULL, 0, 'ltc');
INSERT INTO `mill` VALUES (636, 'wangman850', '24x10', '24x10', NULL, 0, 'ltc');
INSERT INTO `mill` VALUES (637, 'wangman850', '26x14', '26x14', NULL, 0, 'ltc');
INSERT INTO `mill` VALUES (638, 'wangman850', '34x69', '34x69', NULL, 0, 'ltc');
INSERT INTO `mill` VALUES (639, 'wangman850', '23x10', '23x10', NULL, 0, 'ltc');
INSERT INTO `mill` VALUES (640, 'wangman850', '29x28', '29x28', NULL, 0, 'ltc');
INSERT INTO `mill` VALUES (641, 'wangman850', '25x12', '25x12', NULL, 0, 'ltc');
INSERT INTO `mill` VALUES (642, 'wangman850', '34x66', '34x66', NULL, 0, 'ltc');
INSERT INTO `mill` VALUES (643, 'wangman850', '28x1', '28x1', NULL, 0, 'ltc');
INSERT INTO `mill` VALUES (644, 'wangman850', '33x67', '33x67', NULL, 0, 'ltc');
INSERT INTO `mill` VALUES (645, 'wangman850', '22x14', '22x14', NULL, 0, 'ltc');
INSERT INTO `mill` VALUES (646, 'wangman850', '33x53', '33x53', NULL, 0, 'ltc');
INSERT INTO `mill` VALUES (647, 'wangman850', '23x6', '23x6', NULL, 0, 'ltc');
INSERT INTO `mill` VALUES (648, 'wangman850', '32x30', '32x30', NULL, 0, 'ltc');
INSERT INTO `mill` VALUES (649, 'wangman850', '31x7', '31x7', NULL, 0, 'ltc');
INSERT INTO `mill` VALUES (650, 'wangman850', '32x49', '32x49', NULL, 0, 'ltc');
INSERT INTO `mill` VALUES (651, 'wangman850', '30x6', '30x6', NULL, 0, 'ltc');
INSERT INTO `mill` VALUES (652, 'wangman850', '32x6', '32x6', NULL, 0, 'ltc');
INSERT INTO `mill` VALUES (653, 'wangman850', '22x70', '22x70', NULL, 0, 'ltc');
INSERT INTO `mill` VALUES (654, 'wangman850', '23x53', '23x53', NULL, 0, 'ltc');
INSERT INTO `mill` VALUES (655, 'wangman850', '31x17', '31x17', NULL, 0, 'ltc');
INSERT INTO `mill` VALUES (656, 'wangman850', '35x62', '35x62', NULL, 0, 'ltc');
INSERT INTO `mill` VALUES (657, 'wangman850', '22x28', '22x28', NULL, 0, 'ltc');
INSERT INTO `mill` VALUES (658, 'wangman850', '32x76', '32x76', NULL, 0, 'ltc');
INSERT INTO `mill` VALUES (659, 'wangman850', '25x28', '25x28', NULL, 0, 'ltc');
INSERT INTO `mill` VALUES (660, 'wangman850', '33x17', '33x17', NULL, 0, 'ltc');
INSERT INTO `mill` VALUES (661, 'wangman850', '35x40', '35x40', NULL, 0, 'ltc');
INSERT INTO `mill` VALUES (662, 'wangman850', '32x71', '32x71', NULL, 0, 'ltc');
INSERT INTO `mill` VALUES (663, 'wangman850', '22x61', '22x61', NULL, 0, 'ltc');
INSERT INTO `mill` VALUES (664, 'wangman850', '31x22', '31x22', NULL, 0, 'ltc');
INSERT INTO `mill` VALUES (665, 'wangman850', '32x13', '32x13', NULL, 0, 'ltc');
INSERT INTO `mill` VALUES (666, 'wangman850', '22x64', '22x64', NULL, 0, 'ltc');
INSERT INTO `mill` VALUES (667, 'wangman850', '32x28', '32x28', NULL, 0, 'ltc');
INSERT INTO `mill` VALUES (668, 'wangman850', '33x63', '33x63', NULL, 0, 'ltc');
INSERT INTO `mill` VALUES (669, 'wangman850', '33x57', '33x57', NULL, 0, 'ltc');
INSERT INTO `mill` VALUES (670, 'wangman850', '34x36', '34x36', NULL, 0, 'ltc');
INSERT INTO `mill` VALUES (671, 'wangman850', '22x40', '22x40', NULL, 0, 'ltc');
INSERT INTO `mill` VALUES (672, 'wangman850', '23x65', '23x65', NULL, 0, 'ltc');
INSERT INTO `mill` VALUES (673, 'wangman850', '26x60', '26x60', NULL, 0, 'ltc');
INSERT INTO `mill` VALUES (674, 'wangman850', '32x29', '32x29', NULL, 0, 'ltc');
INSERT INTO `mill` VALUES (675, 'wangman850', '23x59', '23x59', NULL, 0, 'ltc');
INSERT INTO `mill` VALUES (676, 'wangman850', '26x36', '26x36', NULL, 0, 'ltc');
INSERT INTO `mill` VALUES (677, 'wangman850', '27x21', '27x21', NULL, 0, 'ltc');
INSERT INTO `mill` VALUES (678, 'wangman850', '32x46', '32x46', NULL, 0, 'ltc');
INSERT INTO `mill` VALUES (679, 'wangman850', '30x14', '30x14', NULL, 0, 'ltc');
INSERT INTO `mill` VALUES (680, 'wangman850', '33x28', '33x28', NULL, 0, 'ltc');
INSERT INTO `mill` VALUES (681, 'wangman850', '23x61', '23x61', NULL, 0, 'ltc');
INSERT INTO `mill` VALUES (682, 'wangman850', '25x8', '25x8', NULL, 0, 'ltc');
INSERT INTO `mill` VALUES (683, 'wangman850', '24x15', '24x15', NULL, 0, 'ltc');
INSERT INTO `mill` VALUES (684, 'wangman850', '25x6', '25x6', NULL, 0, 'ltc');
INSERT INTO `mill` VALUES (685, 'wangman850', '22x37', '22x37', NULL, 0, 'ltc');
INSERT INTO `mill` VALUES (686, 'wangman850', '25x11', '25x11', NULL, 0, 'ltc');
INSERT INTO `mill` VALUES (687, 'wangman850', '24x9', '24x9', NULL, 0, 'ltc');
INSERT INTO `mill` VALUES (688, 'wangman850', '32x8', '32x8', NULL, 0, 'ltc');
INSERT INTO `mill` VALUES (689, 'wangman850', '35x76', '35x76', NULL, 0, 'ltc');
INSERT INTO `mill` VALUES (690, 'wangman850', '35x67', '35x67', NULL, 0, 'ltc');
INSERT INTO `mill` VALUES (691, 'wangman850', '29x29', '29x29', NULL, 0, 'ltc');
INSERT INTO `mill` VALUES (692, 'wangman850', '31x72', '31x72', NULL, 0, 'ltc');
INSERT INTO `mill` VALUES (693, 'wangman850', '23x30', '23x30', NULL, 0, 'ltc');
INSERT INTO `mill` VALUES (694, 'wangman850', '26x54', '26x54', NULL, 0, 'ltc');
INSERT INTO `mill` VALUES (695, 'wangman850', '31x30', '31x30', NULL, 0, 'ltc');
INSERT INTO `mill` VALUES (696, 'wangman850', '31x11', '31x11', NULL, 0, 'ltc');
INSERT INTO `mill` VALUES (697, 'wangman850', '23x58', '23x58', NULL, 0, 'ltc');
INSERT INTO `mill` VALUES (698, 'wangman850', '26x38', '26x38', NULL, 0, 'ltc');
INSERT INTO `mill` VALUES (699, 'wangman850', '28x6', '28x6', NULL, 0, 'ltc');
INSERT INTO `mill` VALUES (700, 'wangman850', '32x45', '32x45', NULL, 0, 'ltc');
INSERT INTO `mill` VALUES (701, 'wangman850', '33x46', '33x46', NULL, 0, 'ltc');
INSERT INTO `mill` VALUES (702, 'wangman850', '23x50', '23x50', NULL, 0, 'ltc');
INSERT INTO `mill` VALUES (703, 'wangman850', '26x56', '26x56', NULL, 0, 'ltc');
INSERT INTO `mill` VALUES (704, 'wangman850', '35x69', '35x69', NULL, 0, 'ltc');
INSERT INTO `mill` VALUES (705, 'wangman850', '27x15', '27x15', NULL, 0, 'ltc');
INSERT INTO `mill` VALUES (706, 'wangman850', '28x15', '28x15', NULL, 0, 'ltc');
INSERT INTO `mill` VALUES (707, 'wangman850', '34x18', '34x18', NULL, 0, 'ltc');
INSERT INTO `mill` VALUES (708, 'wangman850', '31x46', '31x46', NULL, 0, 'ltc');
INSERT INTO `mill` VALUES (709, 'wangman850', '22x48', '22x48', NULL, 0, 'ltc');
INSERT INTO `mill` VALUES (710, 'wangman850', '27x5', '27x5', NULL, 0, 'ltc');
INSERT INTO `mill` VALUES (711, 'wangman850', '31x2', '31x2', NULL, 0, 'ltc');
INSERT INTO `mill` VALUES (712, 'wangman850', '22x12', '22x12', NULL, 0, 'ltc');
INSERT INTO `mill` VALUES (713, 'wangman850', '22x22', '22x22', NULL, 0, 'ltc');
INSERT INTO `mill` VALUES (714, 'wangman850', '35x21', '35x21', NULL, 0, 'ltc');
INSERT INTO `mill` VALUES (715, 'wangman850', '34x35', '34x35', NULL, 0, 'ltc');
INSERT INTO `mill` VALUES (716, 'wangman850', '35x22', '35x22', NULL, 0, 'ltc');
INSERT INTO `mill` VALUES (717, 'wangman850', '33x7', '33x7', NULL, 0, 'ltc');
INSERT INTO `mill` VALUES (718, 'wangman850', '24x12', '24x12', NULL, 0, 'ltc');
INSERT INTO `mill` VALUES (719, 'wangman850', '27x25', '27x25', NULL, 0, 'ltc');
INSERT INTO `mill` VALUES (720, 'wangman850', '33x38', '33x38', NULL, 0, 'ltc');
INSERT INTO `mill` VALUES (721, 'wangman850', '33x79', '33x79', NULL, 0, 'ltc');
INSERT INTO `mill` VALUES (722, 'wangman850', '26x67', '26x67', NULL, 0, 'ltc');
INSERT INTO `mill` VALUES (723, 'wangman850', '26x12', '26x12', NULL, 0, 'ltc');
INSERT INTO `mill` VALUES (724, 'wangman850', '35x7', '35x7', NULL, 0, 'ltc');
INSERT INTO `mill` VALUES (725, 'wangman850', '31x67', '31x67', NULL, 0, 'ltc');
INSERT INTO `mill` VALUES (726, 'wangman850', '22x1', '22x1', NULL, 0, 'ltc');
INSERT INTO `mill` VALUES (727, 'wangman850', '22x53', '22x53', NULL, 0, 'ltc');
INSERT INTO `mill` VALUES (728, 'wangman850', '23x68', '23x68', NULL, 0, 'ltc');
INSERT INTO `mill` VALUES (729, 'wangman850', '31x25', '31x25', NULL, 0, 'ltc');
INSERT INTO `mill` VALUES (730, 'wangman850', '34x60', '34x60', NULL, 0, 'ltc');
INSERT INTO `mill` VALUES (731, 'wangman850', '22x79', '22x79', NULL, 0, 'ltc');
INSERT INTO `mill` VALUES (732, 'wangman850', '29x18', '29x18', NULL, 0, 'ltc');
INSERT INTO `mill` VALUES (733, 'wangman850', '26x3', '26x3', NULL, 0, 'ltc');
INSERT INTO `mill` VALUES (734, 'wangman850', '33x45', '33x45', NULL, 0, 'ltc');
INSERT INTO `mill` VALUES (735, 'wangman850', '25x14', '25x14', NULL, 0, 'ltc');
INSERT INTO `mill` VALUES (736, 'wangman850', '26x62', '26x62', NULL, 0, 'ltc');
INSERT INTO `mill` VALUES (737, 'wangman850', '26x69', '26x69', NULL, 0, 'ltc');
INSERT INTO `mill` VALUES (738, 'wangman850', '23x26', '23x26', NULL, 0, 'ltc');
INSERT INTO `mill` VALUES (739, 'wangman850', '28x4', '28x4', NULL, 0, 'ltc');
INSERT INTO `mill` VALUES (740, 'wangman850', '32x11', '32x11', NULL, 0, 'ltc');
INSERT INTO `mill` VALUES (741, 'wangman850', '23x40', '23x40', NULL, 0, 'ltc');
INSERT INTO `mill` VALUES (742, 'wangman850', '31x27', '31x27', NULL, 0, 'ltc');
INSERT INTO `mill` VALUES (743, 'wangman850', '23x27', '23x27', NULL, 0, 'ltc');
INSERT INTO `mill` VALUES (744, 'wangman850', '23x76', '23x76', NULL, 0, 'ltc');
INSERT INTO `mill` VALUES (745, 'wangman850', '32x40', '32x40', NULL, 0, 'ltc');
INSERT INTO `mill` VALUES (746, 'wangman850', '23x60', '23x60', NULL, 0, 'ltc');
INSERT INTO `mill` VALUES (747, 'wangman850', '35x53', '35x53', NULL, 0, 'ltc');
INSERT INTO `mill` VALUES (748, 'wangman850', '22x9', '22x9', NULL, 0, 'ltc');
INSERT INTO `mill` VALUES (749, 'wangman850', '26x10', '26x10', NULL, 0, 'ltc');
INSERT INTO `mill` VALUES (750, 'wangman850', '30x28', '30x28', NULL, 0, 'ltc');
INSERT INTO `mill` VALUES (751, 'wangman850', '35x1', '35x1', NULL, 0, 'ltc');
INSERT INTO `mill` VALUES (752, 'wangman850', '24x2', '24x2', NULL, 0, 'ltc');
INSERT INTO `mill` VALUES (753, 'wangman850', '26x13', '26x13', NULL, 0, 'ltc');
INSERT INTO `mill` VALUES (754, 'wangman850', '27x20', '27x20', NULL, 0, 'ltc');
INSERT INTO `mill` VALUES (755, 'wangman850', '29x5', '29x5', NULL, 0, 'ltc');
INSERT INTO `mill` VALUES (756, 'wangman850', '32x58', '32x58', NULL, 0, 'ltc');
INSERT INTO `mill` VALUES (757, 'wangman850', '31x37', '31x37', NULL, 0, 'ltc');
INSERT INTO `mill` VALUES (758, 'wangman850', '35x31', '35x31', NULL, 0, 'ltc');
INSERT INTO `mill` VALUES (759, 'wangman850', '33x30', '33x30', NULL, 0, 'ltc');
INSERT INTO `mill` VALUES (760, 'wangman850', '31x38', '31x38', NULL, 0, 'ltc');
INSERT INTO `mill` VALUES (761, 'wangman850', '31x12', '31x12', NULL, 0, 'ltc');
INSERT INTO `mill` VALUES (762, 'wangman850', '36x7', '36x7', NULL, 0, 'ltc');
INSERT INTO `mill` VALUES (763, 'wangman850', '34x25', '34x25', NULL, 0, 'ltc');
INSERT INTO `mill` VALUES (764, 'wangman850', '24x23', '24x23', NULL, 0, 'ltc');
INSERT INTO `mill` VALUES (765, 'wangman850', '36x20', '36x20', NULL, 0, 'ltc');
INSERT INTO `mill` VALUES (766, 'wangman850', '33x20', '33x20', NULL, 0, 'ltc');
INSERT INTO `mill` VALUES (767, 'wangman850', '32x22', '32x22', NULL, 0, 'ltc');
INSERT INTO `mill` VALUES (768, 'wangman850', '35x58', '35x58', NULL, 0, 'ltc');
INSERT INTO `mill` VALUES (769, 'wangman850', '25x2', '25x2', NULL, 0, 'ltc');
INSERT INTO `mill` VALUES (770, 'wangman850', '26x64', '26x64', NULL, 0, 'ltc');
INSERT INTO `mill` VALUES (771, 'wangman850', '34x31', '34x31', NULL, 0, 'ltc');
INSERT INTO `mill` VALUES (772, 'wangman850', '33x32', '33x32', NULL, 0, 'ltc');
INSERT INTO `mill` VALUES (773, 'wangman850', '22x32', '22x32', NULL, 0, 'ltc');
INSERT INTO `mill` VALUES (774, 'wangman850', '31x33', '31x33', NULL, 0, 'ltc');
INSERT INTO `mill` VALUES (775, 'wangman850', '30x5', '30x5', NULL, 0, 'ltc');
INSERT INTO `mill` VALUES (776, 'wangman850', '28x20', '28x20', NULL, 0, 'ltc');
INSERT INTO `mill` VALUES (777, 'wangman850', '22x8', '22x8', NULL, 0, 'ltc');
INSERT INTO `mill` VALUES (778, 'wangman850', '24x4', '24x4', NULL, 0, 'ltc');
INSERT INTO `mill` VALUES (779, 'wangman850', '22x76', '22x76', NULL, 0, 'ltc');
INSERT INTO `mill` VALUES (780, 'wangman850', '31x34', '31x34', NULL, 0, 'ltc');
INSERT INTO `mill` VALUES (781, 'wangman850', '35x29', '35x29', NULL, 0, 'ltc');
INSERT INTO `mill` VALUES (782, 'wangman850', '34x59', '34x59', NULL, 0, 'ltc');
INSERT INTO `mill` VALUES (783, 'wangman850', '32x54', '32x54', NULL, 0, 'ltc');
INSERT INTO `mill` VALUES (784, 'wangman850', '34x50', '34x50', NULL, 0, 'ltc');
INSERT INTO `mill` VALUES (785, 'wangman850', '32x51', '32x51', NULL, 0, 'ltc');
INSERT INTO `mill` VALUES (786, 'wangman850', '26x45', '26x45', NULL, 0, 'ltc');
INSERT INTO `mill` VALUES (787, 'wangman850', '22x47', '22x47', NULL, 0, 'ltc');
INSERT INTO `mill` VALUES (788, 'wangman850', '33x50', '33x50', NULL, 0, 'ltc');
INSERT INTO `mill` VALUES (789, 'wangman850', '32x18', '32x18', NULL, 0, 'ltc');
INSERT INTO `mill` VALUES (790, 'wangman850', '23x28', '23x28', NULL, 0, 'ltc');
INSERT INTO `mill` VALUES (791, 'wangman850', '22x38', '22x38', NULL, 0, 'ltc');
INSERT INTO `mill` VALUES (792, 'wangman850', '30x12', '30x12', NULL, 0, 'ltc');
INSERT INTO `mill` VALUES (793, 'wangman850', '25x16', '25x16', NULL, 0, 'ltc');
INSERT INTO `mill` VALUES (794, 'wangman850', '35x5', '35x5', NULL, 0, 'ltc');
INSERT INTO `mill` VALUES (795, 'wangman850', '32x14', '32x14', NULL, 0, 'ltc');
INSERT INTO `mill` VALUES (796, 'wangman850', '27x6', '27x6', NULL, 0, 'ltc');
INSERT INTO `mill` VALUES (797, 'wangman850', '34x57', '34x57', NULL, 0, 'ltc');
INSERT INTO `mill` VALUES (798, 'wangman850', '24x13', '24x13', NULL, 0, 'ltc');
INSERT INTO `mill` VALUES (799, 'wangman850', '29x16', '29x16', NULL, 0, 'ltc');
INSERT INTO `mill` VALUES (800, 'wangman850', '29x13', '29x13', NULL, 0, 'ltc');
INSERT INTO `mill` VALUES (801, 'wangman850', '31x60', '31x60', NULL, 0, 'ltc');
INSERT INTO `mill` VALUES (802, 'wangman850', '30x16', '30x16', NULL, 0, 'ltc');
INSERT INTO `mill` VALUES (803, 'wangman850', '26x27', '26x27', NULL, 0, 'ltc');
INSERT INTO `mill` VALUES (804, 'wangman850', '23x72', '23x72', NULL, 0, 'ltc');
INSERT INTO `mill` VALUES (805, 'wangman850', '25x27', '25x27', NULL, 0, 'ltc');
INSERT INTO `mill` VALUES (806, 'wangman850', '34x75', '34x75', NULL, 0, 'ltc');
INSERT INTO `mill` VALUES (807, 'wangman850', '31x43', '31x43', NULL, 0, 'ltc');
INSERT INTO `mill` VALUES (808, 'wangman850', '35x41', '35x41', NULL, 0, 'ltc');
INSERT INTO `mill` VALUES (809, 'wangman850', '26x20', '26x20', NULL, 0, 'ltc');
INSERT INTO `mill` VALUES (810, 'wangman850', '26x59', '26x59', NULL, 0, 'ltc');
INSERT INTO `mill` VALUES (811, 'wangman850', '26x21', '26x21', NULL, 0, 'ltc');
INSERT INTO `mill` VALUES (812, 'wangman850', '33x68', '33x68', NULL, 0, 'ltc');
INSERT INTO `mill` VALUES (813, 'wangman850', '33x11', '33x11', NULL, 0, 'ltc');
INSERT INTO `mill` VALUES (814, 'wangman850', '26x8', '26x8', NULL, 0, 'ltc');
INSERT INTO `mill` VALUES (815, 'wangman850', '35x25', '35x25', NULL, 0, 'ltc');
INSERT INTO `mill` VALUES (816, 'wangman850', '32x72', '32x72', NULL, 0, 'ltc');
INSERT INTO `mill` VALUES (817, 'wangman850', '23x77', '23x77', NULL, 0, 'ltc');
INSERT INTO `mill` VALUES (818, 'wangman850', '26x35', '26x35', NULL, 0, 'ltc');
INSERT INTO `mill` VALUES (819, 'wangman850', '34x64', '34x64', NULL, 0, 'ltc');
INSERT INTO `mill` VALUES (820, 'wangman850', '31x80', '31x80', NULL, 0, 'ltc');
INSERT INTO `mill` VALUES (821, 'wangman850', '22x57', '22x57', NULL, 0, 'ltc');
INSERT INTO `mill` VALUES (822, 'wangman850', '26x17', '26x17', NULL, 0, 'ltc');
INSERT INTO `mill` VALUES (823, 'wangman850', '22x19', '22x19', NULL, 0, 'ltc');
INSERT INTO `mill` VALUES (824, 'wangman850', '35x28', '35x28', NULL, 0, 'ltc');
INSERT INTO `mill` VALUES (825, 'wangman850', '34x26', '34x26', NULL, 0, 'ltc');
INSERT INTO `mill` VALUES (826, 'wangman850', '22x74', '22x74', NULL, 0, 'ltc');
INSERT INTO `mill` VALUES (827, 'wangman850', '22x18', '22x18', NULL, 0, 'ltc');
INSERT INTO `mill` VALUES (828, 'wangman850', '22x20', '22x20', NULL, 0, 'ltc');
INSERT INTO `mill` VALUES (829, 'wangman850', '35x11', '35x11', NULL, 0, 'ltc');
INSERT INTO `mill` VALUES (830, 'wangman850', '23x17', '23x17', NULL, 0, 'ltc');
INSERT INTO `mill` VALUES (831, 'wangman850', '31x70', '31x70', NULL, 0, 'ltc');
INSERT INTO `mill` VALUES (832, 'wangman850', '22x51', '22x51', NULL, 0, 'ltc');
INSERT INTO `mill` VALUES (833, 'wangman850', '28x5', '28x5', NULL, 0, 'ltc');
INSERT INTO `mill` VALUES (834, 'wangman850', '36x29', '36x29', NULL, 0, 'ltc');
INSERT INTO `mill` VALUES (835, 'wangman850', '35x59', '35x59', NULL, 0, 'ltc');
INSERT INTO `mill` VALUES (836, 'wangman850', '34x33', '34x33', NULL, 0, 'ltc');
INSERT INTO `mill` VALUES (837, 'wangman850', '32x42', '32x42', NULL, 0, 'ltc');
INSERT INTO `mill` VALUES (838, 'wangman850', '32x20', '32x20', NULL, 0, 'ltc');
INSERT INTO `mill` VALUES (839, 'wangman850', '23x57', '23x57', NULL, 0, 'ltc');
INSERT INTO `mill` VALUES (840, 'wangman850', '30x27', '30x27', NULL, 0, 'ltc');
INSERT INTO `mill` VALUES (841, 'wangman850', '35x73', '35x73', NULL, 0, 'ltc');
INSERT INTO `mill` VALUES (842, 'wangman850', '36x23', '36x23', NULL, 0, 'ltc');
INSERT INTO `mill` VALUES (843, 'wangman850', '27x1', '27x1', NULL, 0, 'ltc');
INSERT INTO `mill` VALUES (844, 'wangman850', '22x5', '22x5', NULL, 0, 'ltc');
INSERT INTO `mill` VALUES (845, 'wangman850', '24x27', '24x27', NULL, 0, 'ltc');
INSERT INTO `mill` VALUES (846, 'wangman850', '23x56', '23x56', NULL, 0, 'ltc');
INSERT INTO `mill` VALUES (847, 'wangman850', '26x47', '26x47', NULL, 0, 'ltc');
INSERT INTO `mill` VALUES (848, 'wangman850', '23x48', '23x48', NULL, 0, 'ltc');
INSERT INTO `mill` VALUES (849, 'wangman850', '24x3', '24x3', NULL, 0, 'ltc');
INSERT INTO `mill` VALUES (850, 'wangman850', '35x75', '35x75', NULL, 0, 'ltc');
INSERT INTO `mill` VALUES (851, 'wangman850', '30x13', '30x13', NULL, 0, 'ltc');
INSERT INTO `mill` VALUES (852, 'wangman850', '33x77', '33x77', NULL, 0, 'ltc');
INSERT INTO `mill` VALUES (853, 'wangman850', '23x64', '23x64', NULL, 0, 'ltc');
INSERT INTO `mill` VALUES (854, 'wangman850', '34x46', '34x46', NULL, 0, 'ltc');
INSERT INTO `mill` VALUES (855, 'wangman850', '29x7', '29x7', NULL, 0, 'ltc');
INSERT INTO `mill` VALUES (856, 'wangman850', '23x46', '23x46', NULL, 0, 'ltc');
INSERT INTO `mill` VALUES (857, 'wangman850', '23x7', '23x7', NULL, 0, 'ltc');
INSERT INTO `mill` VALUES (858, 'wangman850', '31x28', '31x28', NULL, 0, 'ltc');
INSERT INTO `mill` VALUES (859, 'wangman850', '22x3', '22x3', NULL, 0, 'ltc');
INSERT INTO `mill` VALUES (860, 'wangman850', '33x48', '33x48', NULL, 0, 'ltc');
INSERT INTO `mill` VALUES (861, 'wangman850', '28x26', '28x26', NULL, 0, 'ltc');
INSERT INTO `mill` VALUES (862, 'wangman850', '23x1', '23x1', NULL, 0, 'ltc');
INSERT INTO `mill` VALUES (863, 'wangman850', '30x7', '30x7', NULL, 0, 'ltc');
INSERT INTO `mill` VALUES (864, 'wangman850', '28x27', '28x27', NULL, 0, 'ltc');
INSERT INTO `mill` VALUES (865, 'wangman850', '33x25', '33x25', NULL, 0, 'ltc');
INSERT INTO `mill` VALUES (866, 'wangman850', '33x55', '33x55', NULL, 0, 'ltc');
INSERT INTO `mill` VALUES (867, 'wangman850', '22x41', '22x41', NULL, 0, 'ltc');
INSERT INTO `mill` VALUES (868, 'wangman850', '34x71', '34x71', NULL, 0, 'ltc');
INSERT INTO `mill` VALUES (869, 'wangman850', '33x69', '33x69', NULL, 0, 'ltc');
INSERT INTO `mill` VALUES (870, 'wangman850', '35x45', '35x45', NULL, 0, 'ltc');
INSERT INTO `mill` VALUES (871, 'wangman850', '35x10', '35x10', NULL, 0, 'ltc');
INSERT INTO `mill` VALUES (872, 'wangman850', '32x61', '32x61', NULL, 0, 'ltc');
INSERT INTO `mill` VALUES (873, 'wangman850', '22x36', '22x36', NULL, 0, 'ltc');
INSERT INTO `mill` VALUES (874, 'wangman850', '31x44', '31x44', NULL, 0, 'ltc');
INSERT INTO `mill` VALUES (875, 'wangman850', '36x30', '36x30', NULL, 0, 'ltc');
INSERT INTO `mill` VALUES (876, 'wangman850', '32x79', '32x79', NULL, 0, 'ltc');
INSERT INTO `mill` VALUES (877, 'wangman850', '28x3', '28x3', NULL, 0, 'ltc');
INSERT INTO `mill` VALUES (878, 'wangman850', '32x57', '32x57', NULL, 0, 'ltc');
INSERT INTO `mill` VALUES (879, 'wangman850', '27x16', '27x16', NULL, 0, 'ltc');
INSERT INTO `mill` VALUES (880, 'wangman850', '34x32', '34x32', NULL, 0, 'ltc');
INSERT INTO `mill` VALUES (881, 'wangman850', '34x13', '34x13', NULL, 0, 'ltc');
INSERT INTO `mill` VALUES (882, 'wangman850', '23x44', '23x44', NULL, 0, 'ltc');
INSERT INTO `mill` VALUES (883, 'wangman850', '35x14', '35x14', NULL, 0, 'ltc');
INSERT INTO `mill` VALUES (884, 'wangman850', '30x29', '30x29', NULL, 0, 'ltc');
INSERT INTO `mill` VALUES (885, 'wangman850', '35x15', '35x15', NULL, 0, 'ltc');
INSERT INTO `mill` VALUES (886, 'wangman850', '32x78', '32x78', NULL, 0, 'ltc');
INSERT INTO `mill` VALUES (887, 'wangman850', '22x55', '22x55', NULL, 0, 'ltc');
INSERT INTO `mill` VALUES (888, 'wangman850', '25x26', '25x26', NULL, 0, 'ltc');
INSERT INTO `mill` VALUES (889, 'wangman850', '31x73', '31x73', NULL, 0, 'ltc');
INSERT INTO `mill` VALUES (890, 'wangman850', '23x24', '23x24', NULL, 0, 'ltc');
INSERT INTO `mill` VALUES (891, 'wangman850', '31x58', '31x58', NULL, 0, 'ltc');
INSERT INTO `mill` VALUES (892, 'wangman850', '25x5', '25x5', NULL, 0, 'ltc');
INSERT INTO `mill` VALUES (893, 'wangman850', '31x66', '31x66', NULL, 0, 'ltc');
INSERT INTO `mill` VALUES (894, 'wangman850', '31x13', '31x13', NULL, 0, 'ltc');
INSERT INTO `mill` VALUES (895, 'wangman850', '35x56', '35x56', NULL, 0, 'ltc');
INSERT INTO `mill` VALUES (896, 'wangman850', '26x31', '26x31', NULL, 0, 'ltc');
INSERT INTO `mill` VALUES (897, 'wangman850', '34x39', '34x39', NULL, 0, 'ltc');
INSERT INTO `mill` VALUES (898, 'wangman850', '34x15', '34x15', NULL, 0, 'ltc');
INSERT INTO `mill` VALUES (899, 'wangman850', '33x15', '33x15', NULL, 0, 'ltc');
INSERT INTO `mill` VALUES (900, 'wangman850', '23x66', '23x66', NULL, 0, 'ltc');
INSERT INTO `mill` VALUES (901, 'wangman850', '24x5', '24x5', NULL, 0, 'ltc');
INSERT INTO `mill` VALUES (902, 'wangman850', '26x61', '26x61', NULL, 0, 'ltc');
INSERT INTO `mill` VALUES (903, 'wangman850', '34x67', '34x67', NULL, 0, 'ltc');
INSERT INTO `mill` VALUES (904, 'wangman850', '32x62', '32x62', NULL, 0, 'ltc');
INSERT INTO `mill` VALUES (905, 'wangman850', '33x62', '33x62', NULL, 0, 'ltc');
INSERT INTO `mill` VALUES (906, 'wangman850', '32x15', '32x15', NULL, 0, 'ltc');
INSERT INTO `mill` VALUES (907, 'wangman850', '26x55', '26x55', NULL, 0, 'ltc');
INSERT INTO `mill` VALUES (908, 'wangman850', '23x67', '23x67', NULL, 0, 'ltc');
INSERT INTO `mill` VALUES (909, 'wangman850', '33x18', '33x18', NULL, 0, 'ltc');
INSERT INTO `mill` VALUES (910, 'wangman850', '27x30', '27x30', NULL, 0, 'ltc');
INSERT INTO `mill` VALUES (911, 'wangman850', '25x17', '25x17', NULL, 0, 'ltc');
INSERT INTO `mill` VALUES (912, 'wangman850', '33x33', '33x33', NULL, 0, 'ltc');
INSERT INTO `mill` VALUES (913, 'wangman850', '34x78', '34x78', NULL, 0, 'ltc');
INSERT INTO `mill` VALUES (914, 'wangman850', '34x58', '34x58', NULL, 0, 'ltc');
INSERT INTO `mill` VALUES (915, 'wangman850', '35x55', '35x55', NULL, 0, 'ltc');
INSERT INTO `mill` VALUES (916, 'wangman850', '23x70', '23x70', NULL, 0, 'ltc');
INSERT INTO `mill` VALUES (917, 'wangman850', '23x41', '23x41', NULL, 0, 'ltc');
INSERT INTO `mill` VALUES (918, 'wangman850', '28x14', '28x14', NULL, 0, 'ltc');
INSERT INTO `mill` VALUES (919, 'wangman850', '31x10', '31x10', NULL, 0, 'ltc');
INSERT INTO `mill` VALUES (920, 'LXF29383226', '41x27', '41x27', NULL, 0, 'ltc');
INSERT INTO `mill` VALUES (921, 'LXF29383226', '41x49', '41x49', NULL, 0, 'ltc');
INSERT INTO `mill` VALUES (922, 'LXF29383226', '41x30', '41x30', NULL, 0, 'ltc');
INSERT INTO `mill` VALUES (923, 'LXF29383226', '41x39', '41x39', NULL, 0, 'ltc');
INSERT INTO `mill` VALUES (924, 'LXF29383226', '41x12', '41x12', NULL, 0, 'ltc');
INSERT INTO `mill` VALUES (925, 'LXF29383226', '41x9', '41x9', NULL, 0, 'ltc');
INSERT INTO `mill` VALUES (926, 'LXF29383226', '41x46', '41x46', NULL, 0, 'ltc');
INSERT INTO `mill` VALUES (927, 'LXF29383226', '41x10', '41x10', NULL, 0, 'ltc');
INSERT INTO `mill` VALUES (928, 'LXF29383226', '41x11', '41x11', NULL, 0, 'ltc');
INSERT INTO `mill` VALUES (929, 'LXF29383226', '41x21', '41x21', NULL, 0, 'ltc');
INSERT INTO `mill` VALUES (930, 'LXF29383226', '41x37', '41x37', NULL, 0, 'ltc');
INSERT INTO `mill` VALUES (931, 'LXF29383226', '41x43', '41x43', NULL, 0, 'ltc');
INSERT INTO `mill` VALUES (932, 'LXF29383226', '41x32', '41x32', NULL, 0, 'ltc');
INSERT INTO `mill` VALUES (933, 'LXF29383226', '41x8', '41x8', NULL, 0, 'ltc');
INSERT INTO `mill` VALUES (934, 'LXF29383226', '41x47', '41x47', NULL, 0, 'ltc');
INSERT INTO `mill` VALUES (935, 'LXF29383226', '41x40', '41x40', NULL, 0, 'ltc');
INSERT INTO `mill` VALUES (936, 'LXF29383226', '41x25', '41x25', NULL, 0, 'ltc');
INSERT INTO `mill` VALUES (937, 'LXF29383226', '41x18', '41x18', NULL, 0, 'ltc');
INSERT INTO `mill` VALUES (938, 'LXF29383226', '41x35', '41x35', NULL, 0, 'ltc');
INSERT INTO `mill` VALUES (939, 'LXF29383226', '41x33', '41x33', NULL, 0, 'ltc');
INSERT INTO `mill` VALUES (940, 'LXF29383226', '41x42', '41x42', NULL, 0, 'ltc');
INSERT INTO `mill` VALUES (941, 'LXF29383226', '41x41', '41x41', NULL, 0, 'ltc');
INSERT INTO `mill` VALUES (942, 'LXF29383226', '41x19', '41x19', NULL, 0, 'ltc');
INSERT INTO `mill` VALUES (943, 'LXF29383226', '41x51', '41x51', NULL, 0, 'ltc');
INSERT INTO `mill` VALUES (944, 'LXF29383226', '41x13', '41x13', NULL, 0, 'ltc');
INSERT INTO `mill` VALUES (945, 'LXF29383226', '41x22', '41x22', NULL, 0, 'ltc');
INSERT INTO `mill` VALUES (946, 'LXF29383226', '41x48', '41x48', NULL, 0, 'ltc');
INSERT INTO `mill` VALUES (947, 'LXF29383226', '41x44', '41x44', NULL, 0, 'ltc');
INSERT INTO `mill` VALUES (948, 'LXF29383226', '41x34', '41x34', NULL, 0, 'ltc');
INSERT INTO `mill` VALUES (949, 'LXF29383226', '41x45', '41x45', NULL, 0, 'ltc');
INSERT INTO `mill` VALUES (950, 'LXF29383226', '41x20', '41x20', NULL, 0, 'ltc');
INSERT INTO `mill` VALUES (951, 'LXF29383226', '41x31', '41x31', NULL, 0, 'ltc');
INSERT INTO `mill` VALUES (952, 'LXF29383226', '41x26', '41x26', NULL, 0, 'ltc');
INSERT INTO `mill` VALUES (953, 'LXF29383226', '41x38', '41x38', NULL, 0, 'ltc');
INSERT INTO `mill` VALUES (954, 'LXF29383226', '41x16', '41x16', NULL, 0, 'ltc');
INSERT INTO `mill` VALUES (955, 'LXF29383226', '41x36', '41x36', NULL, 0, 'ltc');
INSERT INTO `mill` VALUES (956, 'LXF29383226', '41x50', '41x50', NULL, 0, 'ltc');
INSERT INTO `mill` VALUES (957, 'LXF29383226', '41x23', '41x23', NULL, 0, 'ltc');
INSERT INTO `mill` VALUES (958, 'LXF29383226', '41x14', '41x14', NULL, 0, 'ltc');
INSERT INTO `mill` VALUES (959, 'LXF29383226', '41x24', '41x24', NULL, 0, 'ltc');
INSERT INTO `mill` VALUES (960, 'LXF29383226', '41x29', '41x29', NULL, 0, 'ltc');
INSERT INTO `mill` VALUES (961, 'LXF29383226', '41x28', '41x28', NULL, 0, 'ltc');
INSERT INTO `mill` VALUES (962, 'LXF29383226', '41x17', '41x17', NULL, 0, 'ltc');
INSERT INTO `mill` VALUES (963, 'LXF29383226', '41x15', '41x15', NULL, 0, 'ltc');
INSERT INTO `mill` VALUES (964, 'panyuedong', '006', '006', NULL, 0, 'ltc');
INSERT INTO `mill` VALUES (965, 'panyuedong', '002', '002', NULL, 0, 'ltc');
INSERT INTO `mill` VALUES (966, 'panyuedong', '001', '001', NULL, 0, 'ltc');
INSERT INTO `mill` VALUES (967, 'panyuedong', '004', '004', NULL, 0, 'ltc');
INSERT INTO `mill` VALUES (968, 'panyuedong', '005', '005', NULL, 0, 'ltc');
INSERT INTO `mill` VALUES (969, 'panyuedong', '103', '103', NULL, 0, 'ltc');
INSERT INTO `mill` VALUES (970, 'Liufeng', '101x186', '101x186', NULL, 0, 'ltc');
INSERT INTO `mill` VALUES (971, 'Liufeng', '101x190', '101x190', NULL, 0, 'ltc');
INSERT INTO `mill` VALUES (972, 'Liufeng', '101x189', '101x189', NULL, 0, 'ltc');
INSERT INTO `mill` VALUES (973, 'Liufeng', '101x187', '101x187', NULL, 0, 'ltc');
INSERT INTO `mill` VALUES (974, 'Liufeng', '101x188', '101x188', NULL, 0, 'ltc');
INSERT INTO `mill` VALUES (975, 'Liufeng', '101x183', '101x183', NULL, 0, 'ltc');
INSERT INTO `mill` VALUES (976, 'Liufeng', '101x181', '101x181', NULL, 0, 'ltc');
INSERT INTO `mill` VALUES (977, 'Liufeng', '101x185', '101x185', NULL, 0, 'ltc');
INSERT INTO `mill` VALUES (978, 'Liufeng', '101x184', '101x184', NULL, 0, 'ltc');
INSERT INTO `mill` VALUES (979, 'Liufeng', '101x182', '101x182', NULL, 0, 'ltc');
INSERT INTO `mill` VALUES (980, 'zhangfan', '101x206', '101x206', NULL, 0, 'ltc');
INSERT INTO `mill` VALUES (981, 'zhangfan', '101x204', '101x204', NULL, 0, 'ltc');
INSERT INTO `mill` VALUES (982, 'zhangfan', '101x199', '101x199', NULL, 0, 'ltc');
INSERT INTO `mill` VALUES (983, 'zhangfan', '101x207', '101x207', NULL, 0, 'ltc');
INSERT INTO `mill` VALUES (984, 'zhangfan', '101x195', '101x195', NULL, 0, 'ltc');
INSERT INTO `mill` VALUES (985, 'zhangfan', '101x200', '101x200', NULL, 0, 'ltc');
INSERT INTO `mill` VALUES (986, 'zhangfan', '101x205', '101x205', NULL, 0, 'ltc');
INSERT INTO `mill` VALUES (987, 'zhangfan', '101x208', '101x208', NULL, 0, 'ltc');
INSERT INTO `mill` VALUES (988, 'zhangfan', '101x209', '101x209', NULL, 0, 'ltc');
INSERT INTO `mill` VALUES (989, 'zhangfan', '101x191', '101x191', NULL, 0, 'ltc');
INSERT INTO `mill` VALUES (990, 'zhangfan', '101x203', '101x203', NULL, 0, 'ltc');
INSERT INTO `mill` VALUES (991, 'zhangfan', '101x192', '101x192', NULL, 0, 'ltc');
INSERT INTO `mill` VALUES (992, 'zhangfan', '101x194', '101x194', NULL, 0, 'ltc');
INSERT INTO `mill` VALUES (993, 'zhangfan', '101x193', '101x193', NULL, 0, 'ltc');
INSERT INTO `mill` VALUES (994, 'zhangfan', '101x202', '101x202', NULL, 0, 'ltc');
INSERT INTO `mill` VALUES (995, 'zhangfan', '101x198', '101x198', NULL, 0, 'ltc');
INSERT INTO `mill` VALUES (996, 'zhangfan', '101x210', '101x210', NULL, 0, 'ltc');
INSERT INTO `mill` VALUES (997, 'zhangfan', '101x197', '101x197', NULL, 0, 'ltc');
INSERT INTO `mill` VALUES (998, 'zhangfan', '101x201', '101x201', NULL, 0, 'ltc');
INSERT INTO `mill` VALUES (999, 'zhangfan', '101x196', '101x196', NULL, 0, 'ltc');
INSERT INTO `mill` VALUES (1000, 'wangman111', '46x10', '46x10', NULL, 0, 'ltc');
INSERT INTO `mill` VALUES (1001, 'wangman111', '46x51', '46x51', NULL, 0, 'ltc');
INSERT INTO `mill` VALUES (1002, 'wangman111', '46x77', '46x77', NULL, 0, 'ltc');
INSERT INTO `mill` VALUES (1003, 'wangman111', '46x54', '46x54', NULL, 0, 'ltc');
INSERT INTO `mill` VALUES (1004, 'wangman111', '46x61', '46x61', NULL, 0, 'ltc');
INSERT INTO `mill` VALUES (1005, 'wangman111', '46x35', '46x35', NULL, 0, 'ltc');
INSERT INTO `mill` VALUES (1006, 'wangman111', '46x43', '46x43', NULL, 0, 'ltc');
INSERT INTO `mill` VALUES (1007, 'wangman111', '46x26', '46x26', NULL, 0, 'ltc');
INSERT INTO `mill` VALUES (1008, 'wangman111', '46x52', '46x52', NULL, 0, 'ltc');
INSERT INTO `mill` VALUES (1009, 'wangman111', '36x32', '36x32', NULL, 0, 'ltc');
INSERT INTO `mill` VALUES (1010, 'wangman111', '46x46', '46x46', NULL, 0, 'ltc');
INSERT INTO `mill` VALUES (1011, 'wangman111', '36x37', '36x37', NULL, 0, 'ltc');
INSERT INTO `mill` VALUES (1012, 'wangman111', '36x39', '36x39', NULL, 0, 'ltc');
INSERT INTO `mill` VALUES (1013, 'wangman111', '36x33', '36x33', NULL, 0, 'ltc');
INSERT INTO `mill` VALUES (1014, 'wangman111', '36x41', '36x41', NULL, 0, 'ltc');
INSERT INTO `mill` VALUES (1015, 'wangman111', '46x5', '46x5', NULL, 0, 'ltc');
INSERT INTO `mill` VALUES (1016, 'wangman111', '36x53', '36x53', NULL, 0, 'ltc');
INSERT INTO `mill` VALUES (1017, 'wangman111', '36x61', '36x61', NULL, 0, 'ltc');
INSERT INTO `mill` VALUES (1018, 'wangman111', '46x79', '46x79', NULL, 0, 'ltc');
INSERT INTO `mill` VALUES (1019, 'wangman111', '36x72', '36x72', NULL, 0, 'ltc');
INSERT INTO `mill` VALUES (1020, 'wangman111', '46x34', '46x34', NULL, 0, 'ltc');
INSERT INTO `mill` VALUES (1021, 'wangman111', '46x23', '46x23', NULL, 0, 'ltc');
INSERT INTO `mill` VALUES (1022, 'wangman111', '46x78', '46x78', NULL, 0, 'ltc');
INSERT INTO `mill` VALUES (1023, 'wangman111', '46x40', '46x40', NULL, 0, 'ltc');
INSERT INTO `mill` VALUES (1024, 'wangman111', '46x19', '46x19', NULL, 0, 'ltc');
INSERT INTO `mill` VALUES (1025, 'wangman111', '36x31', '36x31', NULL, 0, 'ltc');
INSERT INTO `mill` VALUES (1026, 'wangman111', '36x46', '36x46', NULL, 0, 'ltc');
INSERT INTO `mill` VALUES (1027, 'wangman111', '46x2', '46x2', NULL, 0, 'ltc');
INSERT INTO `mill` VALUES (1028, 'wangman111', '36x77', '36x77', NULL, 0, 'ltc');
INSERT INTO `mill` VALUES (1029, 'wangman111', '46x20', '46x20', NULL, 0, 'ltc');
INSERT INTO `mill` VALUES (1030, 'wangman111', '46x16', '46x16', NULL, 0, 'ltc');
INSERT INTO `mill` VALUES (1031, 'wangman111', '46x65', '46x65', NULL, 0, 'ltc');
INSERT INTO `mill` VALUES (1032, 'wangman111', '46x9', '46x9', NULL, 0, 'ltc');
INSERT INTO `mill` VALUES (1033, 'wangman111', '38x3', '38x3', NULL, 0, 'ltc');
INSERT INTO `mill` VALUES (1034, 'wangman111', '46x68', '46x68', NULL, 0, 'ltc');
INSERT INTO `mill` VALUES (1035, 'wangman111', '46x1', '46x1', NULL, 0, 'ltc');
INSERT INTO `mill` VALUES (1036, 'wangman111', '36x49', '36x49', NULL, 0, 'ltc');
INSERT INTO `mill` VALUES (1037, 'wangman111', '46x50', '46x50', NULL, 0, 'ltc');
INSERT INTO `mill` VALUES (1038, 'wangman111', '36x52', '36x52', NULL, 0, 'ltc');
INSERT INTO `mill` VALUES (1039, 'wangman111', '46x62', '46x62', NULL, 0, 'ltc');
INSERT INTO `mill` VALUES (1040, 'wangman111', '36x40', '36x40', NULL, 0, 'ltc');
INSERT INTO `mill` VALUES (1041, 'wangman111', '36x38', '36x38', NULL, 0, 'ltc');
INSERT INTO `mill` VALUES (1042, 'wangman111', '46x47', '46x47', NULL, 0, 'ltc');
INSERT INTO `mill` VALUES (1043, 'wangman111', '36x64', '36x64', NULL, 0, 'ltc');
INSERT INTO `mill` VALUES (1044, 'wangman111', '36x54', '36x54', NULL, 0, 'ltc');
INSERT INTO `mill` VALUES (1045, 'wangman111', '46x69', '46x69', NULL, 0, 'ltc');
INSERT INTO `mill` VALUES (1046, 'wangman111', '46x70', '46x70', NULL, 0, 'ltc');
INSERT INTO `mill` VALUES (1047, 'wangman111', '46x73', '46x73', NULL, 0, 'ltc');
INSERT INTO `mill` VALUES (1048, 'wangman111', '36x35', '36x35', NULL, 0, 'ltc');
INSERT INTO `mill` VALUES (1049, 'wangman111', '46x32', '46x32', NULL, 0, 'ltc');
INSERT INTO `mill` VALUES (1050, 'wangman111', '36x48', '36x48', NULL, 0, 'ltc');
INSERT INTO `mill` VALUES (1051, 'wangman111', '36x45', '36x45', NULL, 0, 'ltc');
INSERT INTO `mill` VALUES (1052, 'wangman111', '36x51', '36x51', NULL, 0, 'ltc');
INSERT INTO `mill` VALUES (1053, 'wangman111', '46x74', '46x74', NULL, 0, 'ltc');
INSERT INTO `mill` VALUES (1054, 'wangman111', '38x13', '38x13', NULL, 0, 'ltc');
INSERT INTO `mill` VALUES (1055, 'wangman111', '36x55', '36x55', NULL, 0, 'ltc');
INSERT INTO `mill` VALUES (1056, 'wangman111', '38x9', '38x9', NULL, 0, 'ltc');
INSERT INTO `mill` VALUES (1057, 'wangman111', '46x21', '46x21', NULL, 0, 'ltc');
INSERT INTO `mill` VALUES (1058, 'wangman111', '36x59', '36x59', NULL, 0, 'ltc');
INSERT INTO `mill` VALUES (1059, 'wangman111', '36x47', '36x47', NULL, 0, 'ltc');
INSERT INTO `mill` VALUES (1060, 'wangman111', '46x8', '46x8', NULL, 0, 'ltc');
INSERT INTO `mill` VALUES (1061, 'wangman111', '38x12', '38x12', NULL, 0, 'ltc');
INSERT INTO `mill` VALUES (1062, 'wangman111', '46x59', '46x59', NULL, 0, 'ltc');
INSERT INTO `mill` VALUES (1063, 'wangman111', '36x74', '36x74', NULL, 0, 'ltc');
INSERT INTO `mill` VALUES (1064, 'wangman111', '36x67', '36x67', NULL, 0, 'ltc');
INSERT INTO `mill` VALUES (1065, 'wangman111', '38x11', '38x11', NULL, 0, 'ltc');
INSERT INTO `mill` VALUES (1066, 'wangman111', '46x58', '46x58', NULL, 0, 'ltc');
INSERT INTO `mill` VALUES (1067, 'wangman111', '46x66', '46x66', NULL, 0, 'ltc');
INSERT INTO `mill` VALUES (1068, 'wangman111', '46x36', '46x36', NULL, 0, 'ltc');
INSERT INTO `mill` VALUES (1069, 'wangman111', '46x12', '46x12', NULL, 0, 'ltc');
INSERT INTO `mill` VALUES (1070, 'wangman111', '36x57', '36x57', NULL, 0, 'ltc');
INSERT INTO `mill` VALUES (1071, 'wangman111', '36x75', '36x75', NULL, 0, 'ltc');
INSERT INTO `mill` VALUES (1072, 'wangman111', '46x25', '46x25', NULL, 0, 'ltc');
INSERT INTO `mill` VALUES (1073, 'wangman111', '46x13', '46x13', NULL, 0, 'ltc');
INSERT INTO `mill` VALUES (1074, 'wangman111', '46x22', '46x22', NULL, 0, 'ltc');
INSERT INTO `mill` VALUES (1075, 'wangman111', '38x1', '38x1', NULL, 0, 'ltc');
INSERT INTO `mill` VALUES (1076, 'wangman111', '46x41', '46x41', NULL, 0, 'ltc');
INSERT INTO `mill` VALUES (1077, 'wangman111', '46x14', '46x14', NULL, 0, 'ltc');
INSERT INTO `mill` VALUES (1078, 'wangman111', '46x30', '46x30', NULL, 0, 'ltc');
INSERT INTO `mill` VALUES (1079, 'wangman111', '46x42', '46x42', NULL, 0, 'ltc');
INSERT INTO `mill` VALUES (1080, 'wangman111', '36x34', '36x34', NULL, 0, 'ltc');
INSERT INTO `mill` VALUES (1081, 'wangman111', '36x68', '36x68', NULL, 0, 'ltc');
INSERT INTO `mill` VALUES (1082, 'wangman111', '46x44', '46x44', NULL, 0, 'ltc');
INSERT INTO `mill` VALUES (1083, 'wangman111', '36x69', '36x69', NULL, 0, 'ltc');
INSERT INTO `mill` VALUES (1084, 'wangman111', '46x57', '46x57', NULL, 0, 'ltc');
INSERT INTO `mill` VALUES (1085, 'wangman111', '46x45', '46x45', NULL, 0, 'ltc');
INSERT INTO `mill` VALUES (1086, 'wangman111', '46x49', '46x49', NULL, 0, 'ltc');
INSERT INTO `mill` VALUES (1087, 'wangman111', '46x48', '46x48', NULL, 0, 'ltc');
INSERT INTO `mill` VALUES (1088, 'wangman111', '36x60', '36x60', NULL, 0, 'ltc');
INSERT INTO `mill` VALUES (1089, 'wangman111', '36x73', '36x73', NULL, 0, 'ltc');
INSERT INTO `mill` VALUES (1090, 'wangman111', '46x27', '46x27', NULL, 0, 'ltc');
INSERT INTO `mill` VALUES (1091, 'wangman111', '46x38', '46x38', NULL, 0, 'ltc');
INSERT INTO `mill` VALUES (1092, 'wangman111', '46x72', '46x72', NULL, 0, 'ltc');
INSERT INTO `mill` VALUES (1093, 'wangman111', '36x43', '36x43', NULL, 0, 'ltc');
INSERT INTO `mill` VALUES (1094, 'wangman111', '38x2', '38x2', NULL, 0, 'ltc');
INSERT INTO `mill` VALUES (1095, 'wangman111', '36x62', '36x62', NULL, 0, 'ltc');
INSERT INTO `mill` VALUES (1096, 'wangman111', '38x7', '38x7', NULL, 0, 'ltc');
INSERT INTO `mill` VALUES (1097, 'wangman111', '46x56', '46x56', NULL, 0, 'ltc');
INSERT INTO `mill` VALUES (1098, 'wangman111', '46x63', '46x63', NULL, 0, 'ltc');
INSERT INTO `mill` VALUES (1099, 'wangman111', '46x53', '46x53', NULL, 0, 'ltc');
INSERT INTO `mill` VALUES (1100, 'wangman111', '46x33', '46x33', NULL, 0, 'ltc');
INSERT INTO `mill` VALUES (1101, 'wangman111', '38x10', '38x10', NULL, 0, 'ltc');
INSERT INTO `mill` VALUES (1102, 'wangman111', '36x70', '36x70', NULL, 0, 'ltc');
INSERT INTO `mill` VALUES (1103, 'wangman111', '46x3', '46x3', NULL, 0, 'ltc');
INSERT INTO `mill` VALUES (1104, 'wangman111', '46x76', '46x76', NULL, 0, 'ltc');
INSERT INTO `mill` VALUES (1105, 'wangman111', '36x50', '36x50', NULL, 0, 'ltc');
INSERT INTO `mill` VALUES (1106, 'wangman111', '36x79', '36x79', NULL, 0, 'ltc');
INSERT INTO `mill` VALUES (1107, 'wangman111', '46x29', '46x29', NULL, 0, 'ltc');
INSERT INTO `mill` VALUES (1108, 'wangman111', '38x8', '38x8', NULL, 0, 'ltc');
INSERT INTO `mill` VALUES (1109, 'wangman111', '46x15', '46x15', NULL, 0, 'ltc');
INSERT INTO `mill` VALUES (1110, 'wangman111', '36x44', '36x44', NULL, 0, 'ltc');
INSERT INTO `mill` VALUES (1111, 'wangman111', '46x7', '46x7', NULL, 0, 'ltc');
INSERT INTO `mill` VALUES (1112, 'wangman111', '46x37', '46x37', NULL, 0, 'ltc');
INSERT INTO `mill` VALUES (1113, 'wangman111', '46x67', '46x67', NULL, 0, 'ltc');
INSERT INTO `mill` VALUES (1114, 'wangman111', '38x6', '38x6', NULL, 0, 'ltc');
INSERT INTO `mill` VALUES (1115, 'wangman111', '36x65', '36x65', NULL, 0, 'ltc');
INSERT INTO `mill` VALUES (1116, 'wangman111', '46x11', '46x11', NULL, 0, 'ltc');
INSERT INTO `mill` VALUES (1117, 'wangman111', '36x56', '36x56', NULL, 0, 'ltc');
INSERT INTO `mill` VALUES (1118, 'wangman111', '46x31', '46x31', NULL, 0, 'ltc');
INSERT INTO `mill` VALUES (1119, 'wangman111', '46x28', '46x28', NULL, 0, 'ltc');
INSERT INTO `mill` VALUES (1120, 'wangman111', '46x71', '46x71', NULL, 0, 'ltc');
INSERT INTO `mill` VALUES (1121, 'wangman111', '46x6', '46x6', NULL, 0, 'ltc');
INSERT INTO `mill` VALUES (1122, 'wangman111', '36x71', '36x71', NULL, 0, 'ltc');
INSERT INTO `mill` VALUES (1123, 'wangman111', '46x75', '46x75', NULL, 0, 'ltc');
INSERT INTO `mill` VALUES (1124, 'wangman111', '46x80', '46x80', NULL, 0, 'ltc');
INSERT INTO `mill` VALUES (1125, 'wangman111', '46x24', '46x24', NULL, 0, 'ltc');
INSERT INTO `mill` VALUES (1126, 'wangman111', '46x60', '46x60', NULL, 0, 'ltc');
INSERT INTO `mill` VALUES (1127, 'wangman111', '46x17', '46x17', NULL, 0, 'ltc');
INSERT INTO `mill` VALUES (1128, 'wangman111', '36x58', '36x58', NULL, 0, 'ltc');
INSERT INTO `mill` VALUES (1129, 'wangman111', '36x42', '36x42', NULL, 0, 'ltc');
INSERT INTO `mill` VALUES (1130, 'wangman111', '38x4', '38x4', NULL, 0, 'ltc');
INSERT INTO `mill` VALUES (1131, 'wangman111', '46x18', '46x18', NULL, 0, 'ltc');
INSERT INTO `mill` VALUES (1132, 'wangman111', '46x64', '46x64', NULL, 0, 'ltc');
INSERT INTO `mill` VALUES (1133, 'wangman111', '36x80', '36x80', NULL, 0, 'ltc');
INSERT INTO `mill` VALUES (1134, 'wangman111', '36x76', '36x76', NULL, 0, 'ltc');
INSERT INTO `mill` VALUES (1135, 'wangman111', '38x5', '38x5', NULL, 0, 'ltc');
INSERT INTO `mill` VALUES (1136, 'wangman111', '46x4', '46x4', NULL, 0, 'ltc');
INSERT INTO `mill` VALUES (1137, 'wangman111', '36x78', '36x78', NULL, 0, 'ltc');
INSERT INTO `mill` VALUES (1138, 'wangman111', '36x36', '36x36', NULL, 0, 'ltc');
INSERT INTO `mill` VALUES (1139, 'wangman111', '46x55', '46x55', NULL, 0, 'ltc');
INSERT INTO `mill` VALUES (1140, 'wangman111', '36x66', '36x66', NULL, 0, 'ltc');
INSERT INTO `mill` VALUES (1141, 'wangman111', '46x39', '46x39', NULL, 0, 'ltc');
INSERT INTO `mill` VALUES (1142, 'wangman111', '36x63', '36x63', NULL, 0, 'ltc');
INSERT INTO `mill` VALUES (1143, 'minjuan', '111x3', '111x3', NULL, 0, 'ltc');
INSERT INTO `mill` VALUES (1144, 'minjuan', '111x9', '111x9', NULL, 0, 'ltc');
INSERT INTO `mill` VALUES (1145, 'minjuan', '111x8', '111x8', NULL, 0, 'ltc');
INSERT INTO `mill` VALUES (1146, 'minjuan', '111x7', '111x7', NULL, 0, 'ltc');
INSERT INTO `mill` VALUES (1147, 'minjuan', '111x10', '111x10', NULL, 0, 'ltc');
INSERT INTO `mill` VALUES (1148, 'minjuan', '111x2', '111x2', NULL, 0, 'ltc');
INSERT INTO `mill` VALUES (1149, 'minjuan', '111x6', '111x6', NULL, 0, 'ltc');
INSERT INTO `mill` VALUES (1150, 'minjuan', '111x1', '111x1', NULL, 0, 'ltc');
INSERT INTO `mill` VALUES (1151, 'minjuan', '111x4', '111x4', NULL, 0, 'ltc');
INSERT INTO `mill` VALUES (1152, 'minjuan', '111x5', '111x5', NULL, 0, 'ltc');
INSERT INTO `mill` VALUES (1153, 'ceshi', '102x153', '102x153', NULL, 0, 'ltc');
INSERT INTO `mill` VALUES (1154, 'ceshi', '__default__', '__default__', NULL, 0, 'ltc');
INSERT INTO `mill` VALUES (1155, 'wuxiang', '39x30', '39x30', NULL, 0, 'ltc');
INSERT INTO `mill` VALUES (1156, 'wuxiang', '38x65', '38x65', NULL, 0, 'ltc');
INSERT INTO `mill` VALUES (1157, 'wuxiang', '39x28', '39x28', NULL, 0, 'ltc');
INSERT INTO `mill` VALUES (1158, 'wuxiang', '39x19', '39x19', NULL, 0, 'ltc');
INSERT INTO `mill` VALUES (1159, 'wuxiang', '40x73', '40x73', NULL, 0, 'ltc');
INSERT INTO `mill` VALUES (1160, 'wuxiang', '38x63', '38x63', NULL, 0, 'ltc');
INSERT INTO `mill` VALUES (1161, 'wuxiang', '40x11', '40x11', NULL, 0, 'ltc');
INSERT INTO `mill` VALUES (1162, 'wuxiang', '40x59', '40x59', NULL, 0, 'ltc');
INSERT INTO `mill` VALUES (1163, 'wuxiang', '40x35', '40x35', NULL, 0, 'ltc');
INSERT INTO `mill` VALUES (1164, 'wuxiang', '40x40', '40x40', NULL, 0, 'ltc');
INSERT INTO `mill` VALUES (1165, 'wuxiang', '39x15', '39x15', NULL, 0, 'ltc');
INSERT INTO `mill` VALUES (1166, 'wuxiang', '39x40', '39x40', NULL, 0, 'ltc');
INSERT INTO `mill` VALUES (1167, 'wuxiang', '39x21', '39x21', NULL, 0, 'ltc');
INSERT INTO `mill` VALUES (1168, 'wuxiang', '39x2', '39x2', NULL, 0, 'ltc');
INSERT INTO `mill` VALUES (1169, 'wuxiang', '40x39', '40x39', NULL, 0, 'ltc');
INSERT INTO `mill` VALUES (1170, 'wuxiang', '40x1', '40x1', NULL, 0, 'ltc');
INSERT INTO `mill` VALUES (1171, 'wuxiang', '45x48', '45x48', NULL, 0, 'ltc');
INSERT INTO `mill` VALUES (1172, 'wuxiang', '38x74', '38x74', NULL, 0, 'ltc');
INSERT INTO `mill` VALUES (1173, 'wuxiang', '40x52', '40x52', NULL, 0, 'ltc');
INSERT INTO `mill` VALUES (1174, 'wuxiang', '40x76', '40x76', NULL, 0, 'ltc');
INSERT INTO `mill` VALUES (1175, 'wuxiang', '39x5', '39x5', NULL, 0, 'ltc');
INSERT INTO `mill` VALUES (1176, 'wuxiang', '39x44', '39x44', NULL, 0, 'ltc');
INSERT INTO `mill` VALUES (1177, 'wuxiang', '39x16', '39x16', NULL, 0, 'ltc');
INSERT INTO `mill` VALUES (1178, 'wuxiang', '40x33', '40x33', NULL, 0, 'ltc');
INSERT INTO `mill` VALUES (1179, 'wuxiang', '45x64', '45x64', NULL, 0, 'ltc');
INSERT INTO `mill` VALUES (1180, 'wuxiang', '39x13', '39x13', NULL, 0, 'ltc');
INSERT INTO `mill` VALUES (1181, 'wuxiang', '38x78', '38x78', NULL, 0, 'ltc');
INSERT INTO `mill` VALUES (1182, 'wuxiang', '38x73', '38x73', NULL, 0, 'ltc');
INSERT INTO `mill` VALUES (1183, 'wuxiang', '38x76', '38x76', NULL, 0, 'ltc');
INSERT INTO `mill` VALUES (1184, 'wuxiang', '40x6', '40x6', NULL, 0, 'ltc');
INSERT INTO `mill` VALUES (1185, 'wuxiang', '40x23', '40x23', NULL, 0, 'ltc');
INSERT INTO `mill` VALUES (1186, 'wuxiang', '39x41', '39x41', NULL, 0, 'ltc');
INSERT INTO `mill` VALUES (1187, 'wuxiang', '38x68', '38x68', NULL, 0, 'ltc');
INSERT INTO `mill` VALUES (1188, 'wuxiang', '40x26', '40x26', NULL, 0, 'ltc');
INSERT INTO `mill` VALUES (1189, 'wuxiang', '40x55', '40x55', NULL, 0, 'ltc');
INSERT INTO `mill` VALUES (1190, 'wuxiang', '39x14', '39x14', NULL, 0, 'ltc');
INSERT INTO `mill` VALUES (1191, 'wuxiang', '39x22', '39x22', NULL, 0, 'ltc');
INSERT INTO `mill` VALUES (1192, 'wuxiang', '39x11', '39x11', NULL, 0, 'ltc');
INSERT INTO `mill` VALUES (1193, 'wuxiang', '39x9', '39x9', NULL, 0, 'ltc');
INSERT INTO `mill` VALUES (1194, 'wuxiang', '40x58', '40x58', NULL, 0, 'ltc');
INSERT INTO `mill` VALUES (1195, 'wuxiang', '39x37', '39x37', NULL, 0, 'ltc');
INSERT INTO `mill` VALUES (1196, 'wuxiang', '40x56', '40x56', NULL, 0, 'ltc');
INSERT INTO `mill` VALUES (1197, 'wuxiang', '38x60', '38x60', NULL, 0, 'ltc');
INSERT INTO `mill` VALUES (1198, 'wuxiang', '40x8', '40x8', NULL, 0, 'ltc');
INSERT INTO `mill` VALUES (1199, 'wuxiang', '40x54', '40x54', NULL, 0, 'ltc');
INSERT INTO `mill` VALUES (1200, 'wuxiang', '40x27', '40x27', NULL, 0, 'ltc');
INSERT INTO `mill` VALUES (1201, 'wuxiang', '40x41', '40x41', NULL, 0, 'ltc');
INSERT INTO `mill` VALUES (1202, 'wuxiang', '39x43', '39x43', NULL, 0, 'ltc');
INSERT INTO `mill` VALUES (1203, 'wuxiang', '39x7', '39x7', NULL, 0, 'ltc');
INSERT INTO `mill` VALUES (1204, 'wuxiang', '38x71', '38x71', NULL, 0, 'ltc');
INSERT INTO `mill` VALUES (1205, 'wuxiang', '40x3', '40x3', NULL, 0, 'ltc');
INSERT INTO `mill` VALUES (1206, 'wuxiang', '40x53', '40x53', NULL, 0, 'ltc');
INSERT INTO `mill` VALUES (1207, 'wuxiang', '40x74', '40x74', NULL, 0, 'ltc');
INSERT INTO `mill` VALUES (1208, 'wuxiang', '40x42', '40x42', NULL, 0, 'ltc');
INSERT INTO `mill` VALUES (1209, 'wuxiang', '39x45', '39x45', NULL, 0, 'ltc');
INSERT INTO `mill` VALUES (1210, 'wuxiang', '39x4', '39x4', NULL, 0, 'ltc');
INSERT INTO `mill` VALUES (1211, 'wuxiang', '40x29', '40x29', NULL, 0, 'ltc');
INSERT INTO `mill` VALUES (1212, 'wuxiang', '38x80', '38x80', NULL, 0, 'ltc');
INSERT INTO `mill` VALUES (1213, 'wuxiang', '38x79', '38x79', NULL, 0, 'ltc');
INSERT INTO `mill` VALUES (1214, 'wuxiang', '39x29', '39x29', NULL, 0, 'ltc');
INSERT INTO `mill` VALUES (1215, 'wuxiang', '40x62', '40x62', NULL, 0, 'ltc');
INSERT INTO `mill` VALUES (1216, 'wuxiang', '40x5', '40x5', NULL, 0, 'ltc');
INSERT INTO `mill` VALUES (1217, 'wuxiang', '40x71', '40x71', NULL, 0, 'ltc');
INSERT INTO `mill` VALUES (1218, 'wuxiang', '41x5', '41x5', NULL, 0, 'ltc');
INSERT INTO `mill` VALUES (1219, 'wuxiang', '40x36', '40x36', NULL, 0, 'ltc');
INSERT INTO `mill` VALUES (1220, 'wuxiang', '39x42', '39x42', NULL, 0, 'ltc');
INSERT INTO `mill` VALUES (1221, 'wuxiang', '40x65', '40x65', NULL, 0, 'ltc');
INSERT INTO `mill` VALUES (1222, 'wuxiang', '40x67', '40x67', NULL, 0, 'ltc');
INSERT INTO `mill` VALUES (1223, 'wuxiang', '40x43', '40x43', NULL, 0, 'ltc');
INSERT INTO `mill` VALUES (1224, 'wuxiang', '40x28', '40x28', NULL, 0, 'ltc');
INSERT INTO `mill` VALUES (1225, 'wuxiang', '41x7', '41x7', NULL, 0, 'ltc');
INSERT INTO `mill` VALUES (1226, 'wuxiang', '40x50', '40x50', NULL, 0, 'ltc');
INSERT INTO `mill` VALUES (1227, 'wuxiang', '39x24', '39x24', NULL, 0, 'ltc');
INSERT INTO `mill` VALUES (1228, 'wuxiang', '40x18', '40x18', NULL, 0, 'ltc');
INSERT INTO `mill` VALUES (1229, 'wuxiang', '45x39', '45x39', NULL, 0, 'ltc');
INSERT INTO `mill` VALUES (1230, 'wuxiang', '40x79', '40x79', NULL, 0, 'ltc');
INSERT INTO `mill` VALUES (1231, 'wuxiang', '45x53', '45x53', NULL, 0, 'ltc');
INSERT INTO `mill` VALUES (1232, 'wuxiang', '39x32', '39x32', NULL, 0, 'ltc');
INSERT INTO `mill` VALUES (1233, 'wuxiang', '39x18', '39x18', NULL, 0, 'ltc');
INSERT INTO `mill` VALUES (1234, 'wuxiang', '39x27', '39x27', NULL, 0, 'ltc');
INSERT INTO `mill` VALUES (1235, 'wuxiang', '40x63', '40x63', NULL, 0, 'ltc');
INSERT INTO `mill` VALUES (1236, 'wuxiang', '41x2', '41x2', NULL, 0, 'ltc');
INSERT INTO `mill` VALUES (1237, 'wuxiang', '39x10', '39x10', NULL, 0, 'ltc');
INSERT INTO `mill` VALUES (1238, 'wuxiang', '40x32', '40x32', NULL, 0, 'ltc');
INSERT INTO `mill` VALUES (1239, 'wuxiang', '38x56', '38x56', NULL, 0, 'ltc');
INSERT INTO `mill` VALUES (1240, 'wuxiang', '40x47', '40x47', NULL, 0, 'ltc');
INSERT INTO `mill` VALUES (1241, 'wuxiang', '40x38', '40x38', NULL, 0, 'ltc');
INSERT INTO `mill` VALUES (1242, 'wuxiang', '40x78', '40x78', NULL, 0, 'ltc');
INSERT INTO `mill` VALUES (1243, 'wuxiang', '40x51', '40x51', NULL, 0, 'ltc');
INSERT INTO `mill` VALUES (1244, 'wuxiang', '40x2', '40x2', NULL, 0, 'ltc');
INSERT INTO `mill` VALUES (1245, 'wuxiang', '40x4', '40x4', NULL, 0, 'ltc');
INSERT INTO `mill` VALUES (1246, 'wuxiang', '39x35', '39x35', NULL, 0, 'ltc');
INSERT INTO `mill` VALUES (1247, 'wuxiang', '38x55', '38x55', NULL, 0, 'ltc');
INSERT INTO `mill` VALUES (1248, 'wuxiang', '39x23', '39x23', NULL, 0, 'ltc');
INSERT INTO `mill` VALUES (1249, 'wuxiang', '38x77', '38x77', NULL, 0, 'ltc');
INSERT INTO `mill` VALUES (1250, 'wuxiang', '40x21', '40x21', NULL, 0, 'ltc');
INSERT INTO `mill` VALUES (1251, 'wuxiang', '40x69', '40x69', NULL, 0, 'ltc');
INSERT INTO `mill` VALUES (1252, 'wuxiang', '40x68', '40x68', NULL, 0, 'ltc');
INSERT INTO `mill` VALUES (1253, 'wuxiang', '40x16', '40x16', NULL, 0, 'ltc');
INSERT INTO `mill` VALUES (1254, 'wuxiang', '39x26', '39x26', NULL, 0, 'ltc');
INSERT INTO `mill` VALUES (1255, 'wuxiang', '38x66', '38x66', NULL, 0, 'ltc');
INSERT INTO `mill` VALUES (1256, 'wuxiang', '40x72', '40x72', NULL, 0, 'ltc');
INSERT INTO `mill` VALUES (1257, 'wuxiang', '39x6', '39x6', NULL, 0, 'ltc');
INSERT INTO `mill` VALUES (1258, 'wuxiang', '38x64', '38x64', NULL, 0, 'ltc');
INSERT INTO `mill` VALUES (1259, 'wuxiang', '39x36', '39x36', NULL, 0, 'ltc');
INSERT INTO `mill` VALUES (1260, 'wuxiang', '40x48', '40x48', NULL, 0, 'ltc');
INSERT INTO `mill` VALUES (1261, 'wuxiang', '40x17', '40x17', NULL, 0, 'ltc');
INSERT INTO `mill` VALUES (1262, 'wuxiang', '40x34', '40x34', NULL, 0, 'ltc');
INSERT INTO `mill` VALUES (1263, 'wuxiang', '39x25', '39x25', NULL, 0, 'ltc');
INSERT INTO `mill` VALUES (1264, 'wuxiang', '40x46', '40x46', NULL, 0, 'ltc');
INSERT INTO `mill` VALUES (1265, 'wuxiang', '38x58', '38x58', NULL, 0, 'ltc');
INSERT INTO `mill` VALUES (1266, 'wuxiang', '38x59', '38x59', NULL, 0, 'ltc');
INSERT INTO `mill` VALUES (1267, 'wuxiang', '38x57', '38x57', NULL, 0, 'ltc');
INSERT INTO `mill` VALUES (1268, 'wuxiang', '40x75', '40x75', NULL, 0, 'ltc');
INSERT INTO `mill` VALUES (1269, 'wuxiang', '39x33', '39x33', NULL, 0, 'ltc');
INSERT INTO `mill` VALUES (1270, 'wuxiang', '40x66', '40x66', NULL, 0, 'ltc');
INSERT INTO `mill` VALUES (1271, 'wuxiang', '39x20', '39x20', NULL, 0, 'ltc');
INSERT INTO `mill` VALUES (1272, 'wuxiang', '40x60', '40x60', NULL, 0, 'ltc');
INSERT INTO `mill` VALUES (1273, 'wuxiang', '40x61', '40x61', NULL, 0, 'ltc');
INSERT INTO `mill` VALUES (1274, 'wuxiang', '40x10', '40x10', NULL, 0, 'ltc');
INSERT INTO `mill` VALUES (1275, 'wuxiang', '40x64', '40x64', NULL, 0, 'ltc');
INSERT INTO `mill` VALUES (1276, 'wuxiang', '41x6', '41x6', NULL, 0, 'ltc');
INSERT INTO `mill` VALUES (1277, 'wuxiang', '40x20', '40x20', NULL, 0, 'ltc');
INSERT INTO `mill` VALUES (1278, 'wuxiang', '40x45', '40x45', NULL, 0, 'ltc');
INSERT INTO `mill` VALUES (1279, 'wuxiang', '40x9', '40x9', NULL, 0, 'ltc');
INSERT INTO `mill` VALUES (1280, 'wuxiang', '38x70', '38x70', NULL, 0, 'ltc');
INSERT INTO `mill` VALUES (1281, 'wuxiang', '40x14', '40x14', NULL, 0, 'ltc');
INSERT INTO `mill` VALUES (1282, 'wuxiang', '40x80', '40x80', NULL, 0, 'ltc');
INSERT INTO `mill` VALUES (1283, 'wuxiang', '39x34', '39x34', NULL, 0, 'ltc');
INSERT INTO `mill` VALUES (1284, 'wuxiang', '40x31', '40x31', NULL, 0, 'ltc');
INSERT INTO `mill` VALUES (1285, 'wuxiang', '39x38', '39x38', NULL, 0, 'ltc');
INSERT INTO `mill` VALUES (1286, 'wuxiang', '39x1', '39x1', NULL, 0, 'ltc');
INSERT INTO `mill` VALUES (1287, 'wuxiang', '40x12', '40x12', NULL, 0, 'ltc');
INSERT INTO `mill` VALUES (1288, 'wuxiang', '40x30', '40x30', NULL, 0, 'ltc');
INSERT INTO `mill` VALUES (1289, 'wuxiang', '40x44', '40x44', NULL, 0, 'ltc');
INSERT INTO `mill` VALUES (1290, 'wuxiang', '38x75', '38x75', NULL, 0, 'ltc');
INSERT INTO `mill` VALUES (1291, 'wuxiang', '38x62', '38x62', NULL, 0, 'ltc');
INSERT INTO `mill` VALUES (1292, 'wuxiang', '38x72', '38x72', NULL, 0, 'ltc');
INSERT INTO `mill` VALUES (1293, 'wuxiang', '39x31', '39x31', NULL, 0, 'ltc');
INSERT INTO `mill` VALUES (1294, 'wuxiang', '40x19', '40x19', NULL, 0, 'ltc');
INSERT INTO `mill` VALUES (1295, 'wuxiang', '39x39', '39x39', NULL, 0, 'ltc');
INSERT INTO `mill` VALUES (1296, 'wuxiang', '40x13', '40x13', NULL, 0, 'ltc');
INSERT INTO `mill` VALUES (1297, 'wuxiang', '40x49', '40x49', NULL, 0, 'ltc');
INSERT INTO `mill` VALUES (1298, 'wuxiang', '39x12', '39x12', NULL, 0, 'ltc');
INSERT INTO `mill` VALUES (1299, 'wuxiang', '40x24', '40x24', NULL, 0, 'ltc');
INSERT INTO `mill` VALUES (1300, 'wuxiang', '40x37', '40x37', NULL, 0, 'ltc');
INSERT INTO `mill` VALUES (1301, 'wuxiang', '38x69', '38x69', NULL, 0, 'ltc');
INSERT INTO `mill` VALUES (1302, 'wuxiang', '39x17', '39x17', NULL, 0, 'ltc');
INSERT INTO `mill` VALUES (1303, 'wuxiang', '40x25', '40x25', NULL, 0, 'ltc');
INSERT INTO `mill` VALUES (1304, 'wuxiang', '38x61', '38x61', NULL, 0, 'ltc');
INSERT INTO `mill` VALUES (1305, 'wuxiang', '40x15', '40x15', NULL, 0, 'ltc');
INSERT INTO `mill` VALUES (1306, 'wuxiang', '40x57', '40x57', NULL, 0, 'ltc');
INSERT INTO `mill` VALUES (1307, 'wuxiang', '39x8', '39x8', NULL, 0, 'ltc');
INSERT INTO `mill` VALUES (1308, 'wuxiang', '40x22', '40x22', NULL, 0, 'ltc');
INSERT INTO `mill` VALUES (1309, 'wuxiang', '41x4', '41x4', NULL, 0, 'ltc');
INSERT INTO `mill` VALUES (1310, 'wuxiang', '39x3', '39x3', NULL, 0, 'ltc');
INSERT INTO `mill` VALUES (1311, 'wuxiang', '40x70', '40x70', NULL, 0, 'ltc');
INSERT INTO `mill` VALUES (1312, 'wuxiang', '40x7', '40x7', NULL, 0, 'ltc');
INSERT INTO `mill` VALUES (1313, 'xupeng', 'A063', 'A063', NULL, 0, 'ltc');
INSERT INTO `mill` VALUES (1314, 'xupeng', '017', '017', NULL, 0, 'ltc');
INSERT INTO `mill` VALUES (1315, 'xupeng', '011', '011', NULL, 0, 'ltc');
INSERT INTO `mill` VALUES (1316, 'xupeng', '016', '016', NULL, 0, 'ltc');
INSERT INTO `mill` VALUES (1317, 'xupeng', '055', '055', NULL, 0, 'ltc');
INSERT INTO `mill` VALUES (1318, 'xupeng', '103', '103', NULL, 0, 'ltc');
INSERT INTO `mill` VALUES (1319, 'xupeng', 'A049', 'A049', NULL, 0, 'ltc');
INSERT INTO `mill` VALUES (1320, 'xupeng', '010', '010', NULL, 0, 'ltc');
INSERT INTO `mill` VALUES (1321, 'xupeng', 'A059', 'A059', NULL, 0, 'ltc');
INSERT INTO `mill` VALUES (1322, 'xupeng', 'A061', 'A061', NULL, 0, 'ltc');
INSERT INTO `mill` VALUES (1323, 'xupeng', '073', '073', NULL, 0, 'ltc');
INSERT INTO `mill` VALUES (1324, 'xupeng', 'A015', 'A015', NULL, 0, 'ltc');
INSERT INTO `mill` VALUES (1325, 'xupeng', '065', '065', NULL, 0, 'ltc');
INSERT INTO `mill` VALUES (1326, 'xupeng', 'A036', 'A036', NULL, 0, 'ltc');
INSERT INTO `mill` VALUES (1327, 'xupeng', 'A043', 'A043', NULL, 0, 'ltc');
INSERT INTO `mill` VALUES (1328, 'xupeng', '060', '060', NULL, 0, 'ltc');
INSERT INTO `mill` VALUES (1329, 'xupeng', 'A064', 'A064', NULL, 0, 'ltc');
INSERT INTO `mill` VALUES (1330, 'xupeng', 'A005', 'A005', NULL, 0, 'ltc');
INSERT INTO `mill` VALUES (1331, 'xupeng', 'A051', 'A051', NULL, 0, 'ltc');
INSERT INTO `mill` VALUES (1332, 'xupeng', '064', '064', NULL, 0, 'ltc');
INSERT INTO `mill` VALUES (1333, 'xupeng', '111', '111', NULL, 0, 'ltc');
INSERT INTO `mill` VALUES (1334, 'xupeng', '046', '046', NULL, 0, 'ltc');
INSERT INTO `mill` VALUES (1335, 'xupeng', '074', '074', NULL, 0, 'ltc');
INSERT INTO `mill` VALUES (1336, 'xupeng', '049', '049', NULL, 0, 'ltc');
INSERT INTO `mill` VALUES (1337, 'xupeng', '047', '047', NULL, 0, 'ltc');
INSERT INTO `mill` VALUES (1338, 'xupeng', 'A031', 'A031', NULL, 0, 'ltc');
INSERT INTO `mill` VALUES (1339, 'xupeng', '048', '048', NULL, 0, 'ltc');
INSERT INTO `mill` VALUES (1340, 'xupeng', 'A034', 'A034', NULL, 0, 'ltc');
INSERT INTO `mill` VALUES (1341, 'xupeng', 'A025', 'A025', NULL, 0, 'ltc');
INSERT INTO `mill` VALUES (1342, 'xupeng', 'A047', 'A047', NULL, 0, 'ltc');
INSERT INTO `mill` VALUES (1343, 'xupeng', '044', '044', NULL, 0, 'ltc');
INSERT INTO `mill` VALUES (1344, 'xupeng', '063', '063', NULL, 0, 'ltc');
INSERT INTO `mill` VALUES (1345, 'xupeng', 'A040', 'A040', NULL, 0, 'ltc');
INSERT INTO `mill` VALUES (1346, 'xupeng', 'A068', 'A068', NULL, 0, 'ltc');
INSERT INTO `mill` VALUES (1347, 'xupeng', '038', '038', NULL, 0, 'ltc');
INSERT INTO `mill` VALUES (1348, 'xupeng', '027', '027', NULL, 0, 'ltc');
INSERT INTO `mill` VALUES (1349, 'xupeng', '050', '050', NULL, 0, 'ltc');
INSERT INTO `mill` VALUES (1350, 'xupeng', '094', '094', NULL, 0, 'ltc');
INSERT INTO `mill` VALUES (1351, 'xupeng', 'A050', 'A050', NULL, 0, 'ltc');
INSERT INTO `mill` VALUES (1352, 'xupeng', 'A058', 'A058', NULL, 0, 'ltc');
INSERT INTO `mill` VALUES (1353, 'xupeng', 'A017', 'A017', NULL, 0, 'ltc');
INSERT INTO `mill` VALUES (1354, 'xupeng', '021', '021', NULL, 0, 'ltc');
INSERT INTO `mill` VALUES (1355, 'xupeng', 'A004', 'A004', NULL, 0, 'ltc');
INSERT INTO `mill` VALUES (1356, 'xupeng', '025', '025', NULL, 0, 'ltc');
INSERT INTO `mill` VALUES (1357, 'xupeng', '014', '014', NULL, 0, 'ltc');
INSERT INTO `mill` VALUES (1358, 'xupeng', '053', '053', NULL, 0, 'ltc');
INSERT INTO `mill` VALUES (1359, 'xupeng', 'A041', 'A041', NULL, 0, 'ltc');
INSERT INTO `mill` VALUES (1360, 'xupeng', 'A027', 'A027', NULL, 0, 'ltc');
INSERT INTO `mill` VALUES (1361, 'xupeng', 'A069', 'A069', NULL, 0, 'ltc');
INSERT INTO `mill` VALUES (1362, 'xupeng', '057', '057', NULL, 0, 'ltc');
INSERT INTO `mill` VALUES (1363, 'xupeng', '091', '091', NULL, 0, 'ltc');
INSERT INTO `mill` VALUES (1364, 'xupeng', '085', '085', NULL, 0, 'ltc');
INSERT INTO `mill` VALUES (1365, 'xupeng', '034', '034', NULL, 0, 'ltc');
INSERT INTO `mill` VALUES (1366, 'xupeng', 'A020', 'A020', NULL, 0, 'ltc');
INSERT INTO `mill` VALUES (1367, 'xupeng', '058', '058', NULL, 0, 'ltc');
INSERT INTO `mill` VALUES (1368, 'xupeng', 'A042', 'A042', NULL, 0, 'ltc');
INSERT INTO `mill` VALUES (1369, 'xupeng', '092', '092', NULL, 0, 'ltc');
INSERT INTO `mill` VALUES (1370, 'xupeng', '023', '023', NULL, 0, 'ltc');
INSERT INTO `mill` VALUES (1371, 'xupeng', 'A060', 'A060', NULL, 0, 'ltc');
INSERT INTO `mill` VALUES (1372, 'xupeng', '112', '112', NULL, 0, 'ltc');
INSERT INTO `mill` VALUES (1373, 'xupeng', '042', '042', NULL, 0, 'ltc');
INSERT INTO `mill` VALUES (1374, 'xupeng', 'A009', 'A009', NULL, 0, 'ltc');
INSERT INTO `mill` VALUES (1375, 'xupeng', '024', '024', NULL, 0, 'ltc');
INSERT INTO `mill` VALUES (1376, 'xupeng', 'A035', 'A035', NULL, 0, 'ltc');
INSERT INTO `mill` VALUES (1377, 'xupeng', '105', '105', NULL, 0, 'ltc');
INSERT INTO `mill` VALUES (1378, 'xupeng', 'A001', 'A001', NULL, 0, 'ltc');
INSERT INTO `mill` VALUES (1379, 'xupeng', '101', '101', NULL, 0, 'ltc');
INSERT INTO `mill` VALUES (1380, 'xupeng', '045', '045', NULL, 0, 'ltc');
INSERT INTO `mill` VALUES (1381, 'xupeng', 'A070', 'A070', NULL, 0, 'ltc');
INSERT INTO `mill` VALUES (1382, 'xupeng', '061', '061', NULL, 0, 'ltc');
INSERT INTO `mill` VALUES (1383, 'xupeng', '029', '029', NULL, 0, 'ltc');
INSERT INTO `mill` VALUES (1384, 'xupeng', '072', '072', NULL, 0, 'ltc');
INSERT INTO `mill` VALUES (1385, 'xupeng', '040', '040', NULL, 0, 'ltc');
INSERT INTO `mill` VALUES (1386, 'xupeng', '022', '022', NULL, 0, 'ltc');
INSERT INTO `mill` VALUES (1387, 'xupeng', 'A046', 'A046', NULL, 0, 'ltc');
INSERT INTO `mill` VALUES (1388, 'xupeng', 'A045', 'A045', NULL, 0, 'ltc');
INSERT INTO `mill` VALUES (1389, 'xupeng', '015', '015', NULL, 0, 'ltc');
INSERT INTO `mill` VALUES (1390, 'xupeng', '056', '056', NULL, 0, 'ltc');
INSERT INTO `mill` VALUES (1391, 'xupeng', '071', '071', NULL, 0, 'ltc');
INSERT INTO `mill` VALUES (1392, 'xupeng', '026', '026', NULL, 0, 'ltc');
INSERT INTO `mill` VALUES (1393, 'xupeng', '031', '031', NULL, 0, 'ltc');
INSERT INTO `mill` VALUES (1394, 'xupeng', '018', '018', NULL, 0, 'ltc');
INSERT INTO `mill` VALUES (1395, 'xupeng', 'A030', 'A030', NULL, 0, 'ltc');
INSERT INTO `mill` VALUES (1396, 'xupeng', '035', '035', NULL, 0, 'ltc');
INSERT INTO `mill` VALUES (1397, 'xupeng', '039', '039', NULL, 0, 'ltc');
INSERT INTO `mill` VALUES (1398, 'xupeng', '082', '082', NULL, 0, 'ltc');
INSERT INTO `mill` VALUES (1399, 'xupeng', '113', '113', NULL, 0, 'ltc');
INSERT INTO `mill` VALUES (1400, 'xupeng', '104', '104', NULL, 0, 'ltc');
INSERT INTO `mill` VALUES (1401, 'xupeng', 'A057', 'A057', NULL, 0, 'ltc');
INSERT INTO `mill` VALUES (1402, 'xupeng', '115', '115', NULL, 0, 'ltc');
INSERT INTO `mill` VALUES (1403, 'xupeng', '120', '120', NULL, 0, 'ltc');
INSERT INTO `mill` VALUES (1404, 'xupeng', 'A018', 'A018', NULL, 0, 'ltc');
INSERT INTO `mill` VALUES (1405, 'xupeng', 'A002', 'A002', NULL, 0, 'ltc');
INSERT INTO `mill` VALUES (1406, 'xupeng', '054', '054', NULL, 0, 'ltc');
INSERT INTO `mill` VALUES (1407, 'xupeng', 'A065', 'A065', NULL, 0, 'ltc');
INSERT INTO `mill` VALUES (1408, 'xupeng', 'A053', 'A053', NULL, 0, 'ltc');
INSERT INTO `mill` VALUES (1409, 'xupeng', '093', '093', NULL, 0, 'ltc');
INSERT INTO `mill` VALUES (1410, 'xupeng', 'A032', 'A032', NULL, 0, 'ltc');
INSERT INTO `mill` VALUES (1411, 'xupeng', 'A033', 'A033', NULL, 0, 'ltc');
INSERT INTO `mill` VALUES (1412, 'xupeng', '083', '083', NULL, 0, 'ltc');
INSERT INTO `mill` VALUES (1413, 'xupeng', '084', '084', NULL, 0, 'ltc');
INSERT INTO `mill` VALUES (1414, 'xupeng', 'A011', 'A011', NULL, 0, 'ltc');
INSERT INTO `mill` VALUES (1415, 'xupeng', 'A013', 'A013', NULL, 0, 'ltc');
INSERT INTO `mill` VALUES (1416, 'xupeng', 'A038', 'A038', NULL, 0, 'ltc');
INSERT INTO `mill` VALUES (1417, 'xupeng', '028', '028', NULL, 0, 'ltc');
INSERT INTO `mill` VALUES (1418, 'xupeng', '051', '051', NULL, 0, 'ltc');
INSERT INTO `mill` VALUES (1419, 'xupeng', 'A062', 'A062', NULL, 0, 'ltc');
INSERT INTO `mill` VALUES (1420, 'xupeng', '037', '037', NULL, 0, 'ltc');
INSERT INTO `mill` VALUES (1421, 'xupeng', 'A003', 'A003', NULL, 0, 'ltc');
INSERT INTO `mill` VALUES (1422, 'xupeng', '059', '059', NULL, 0, 'ltc');
INSERT INTO `mill` VALUES (1423, 'xupeng', '013', '013', NULL, 0, 'ltc');
INSERT INTO `mill` VALUES (1424, 'xupeng', '043', '043', NULL, 0, 'ltc');
INSERT INTO `mill` VALUES (1425, 'xupeng', '020', '020', NULL, 0, 'ltc');
INSERT INTO `mill` VALUES (1426, 'xupeng', 'A008', 'A008', NULL, 0, 'ltc');
INSERT INTO `mill` VALUES (1427, 'xupeng', 'A006', 'A006', NULL, 0, 'ltc');
INSERT INTO `mill` VALUES (1428, 'xupeng', 'A024', 'A024', NULL, 0, 'ltc');
INSERT INTO `mill` VALUES (1429, 'xupeng', 'A054', 'A054', NULL, 0, 'ltc');
INSERT INTO `mill` VALUES (1430, 'xupeng', 'A067', 'A067', NULL, 0, 'ltc');
INSERT INTO `mill` VALUES (1431, 'xupeng', '019', '019', NULL, 0, 'ltc');
INSERT INTO `mill` VALUES (1432, 'xupeng', 'A048', 'A048', NULL, 0, 'ltc');
INSERT INTO `mill` VALUES (1433, 'xupeng', '052', '052', NULL, 0, 'ltc');
INSERT INTO `mill` VALUES (1434, 'xupeng', 'A066', 'A066', NULL, 0, 'ltc');
INSERT INTO `mill` VALUES (1435, 'xupeng', 'A028', 'A028', NULL, 0, 'ltc');
INSERT INTO `mill` VALUES (1436, 'xupeng', 'A044', 'A044', NULL, 0, 'ltc');
INSERT INTO `mill` VALUES (1437, 'xupeng', 'A026', 'A026', NULL, 0, 'ltc');
INSERT INTO `mill` VALUES (1438, 'xupeng', '036', '036', NULL, 0, 'ltc');
INSERT INTO `mill` VALUES (1439, 'xupeng', 'A010', 'A010', NULL, 0, 'ltc');
INSERT INTO `mill` VALUES (1440, 'xupeng', '081', '081', NULL, 0, 'ltc');
INSERT INTO `mill` VALUES (1441, 'xupeng', 'A007', 'A007', NULL, 0, 'ltc');
INSERT INTO `mill` VALUES (1442, 'xupeng', '012', '012', NULL, 0, 'ltc');
INSERT INTO `mill` VALUES (1443, 'xupeng', 'A012', 'A012', NULL, 0, 'ltc');
INSERT INTO `mill` VALUES (1444, 'xupeng', '062', '062', NULL, 0, 'ltc');
INSERT INTO `mill` VALUES (1445, 'xupeng', '041', '041', NULL, 0, 'ltc');
INSERT INTO `mill` VALUES (1446, 'xupeng', 'A052', 'A052', NULL, 0, 'ltc');
INSERT INTO `mill` VALUES (1447, 'xupeng', '075', '075', NULL, 0, 'ltc');
INSERT INTO `mill` VALUES (1448, 'xupeng', '032', '032', NULL, 0, 'ltc');
INSERT INTO `mill` VALUES (1449, 'xupeng', 'A029', 'A029', NULL, 0, 'ltc');
INSERT INTO `mill` VALUES (1450, 'xupeng', 'A023', 'A023', NULL, 0, 'ltc');
INSERT INTO `mill` VALUES (1451, 'xupeng', '095', '095', NULL, 0, 'ltc');
INSERT INTO `mill` VALUES (1452, 'xupeng', 'A037', 'A037', NULL, 0, 'ltc');
INSERT INTO `mill` VALUES (1453, 'xupeng', '116', '116', NULL, 0, 'ltc');
INSERT INTO `mill` VALUES (1454, 'xupeng', 'A014', 'A014', NULL, 0, 'ltc');
INSERT INTO `mill` VALUES (1455, 'xupeng', '114', '114', NULL, 0, 'ltc');
INSERT INTO `mill` VALUES (1456, 'xupeng', '030', '030', NULL, 0, 'ltc');
INSERT INTO `mill` VALUES (1457, 'wyf1223', '0x151', '0x151', NULL, 0, 'ltc');
INSERT INTO `mill` VALUES (1458, 'wyf1223', '0x158', '0x158', NULL, 0, 'ltc');
INSERT INTO `mill` VALUES (1459, 'wyf1223', '0x155', '0x155', NULL, 0, 'ltc');
INSERT INTO `mill` VALUES (1460, 'wyf1223', '0x119', '0x119', NULL, 0, 'ltc');
INSERT INTO `mill` VALUES (1461, 'wyf1223', '0x136', '0x136', NULL, 0, 'ltc');
INSERT INTO `mill` VALUES (1462, 'wyf1223', '0x132', '0x132', NULL, 0, 'ltc');
INSERT INTO `mill` VALUES (1463, 'wyf1223', '0x146', '0x146', NULL, 0, 'ltc');
INSERT INTO `mill` VALUES (1464, 'wyf1223', '0x106', '0x106', NULL, 0, 'ltc');
INSERT INTO `mill` VALUES (1465, 'wyf1223', '0x133', '0x133', NULL, 0, 'ltc');
INSERT INTO `mill` VALUES (1466, 'wyf1223', '0x140', '0x140', NULL, 0, 'ltc');
INSERT INTO `mill` VALUES (1467, 'wyf1223', '0x143', '0x143', NULL, 0, 'ltc');
INSERT INTO `mill` VALUES (1468, 'wyf1223', '0x112', '0x112', NULL, 0, 'ltc');
INSERT INTO `mill` VALUES (1469, 'wyf1223', '0x124', '0x124', NULL, 0, 'ltc');
INSERT INTO `mill` VALUES (1470, 'wyf1223', '0x137', '0x137', NULL, 0, 'ltc');
INSERT INTO `mill` VALUES (1471, 'wyf1223', '0x108', '0x108', NULL, 0, 'ltc');
INSERT INTO `mill` VALUES (1472, 'wyf1223', '0x102', '0x102', NULL, 0, 'ltc');
INSERT INTO `mill` VALUES (1473, 'wyf1223', '0x138', '0x138', NULL, 0, 'ltc');
INSERT INTO `mill` VALUES (1474, 'wyf1223', '0x156', '0x156', NULL, 0, 'ltc');
INSERT INTO `mill` VALUES (1475, 'wyf1223', '0x152', '0x152', NULL, 0, 'ltc');
INSERT INTO `mill` VALUES (1476, 'wyf1223', '0x123', '0x123', NULL, 0, 'ltc');
INSERT INTO `mill` VALUES (1477, 'wyf1223', '0x118', '0x118', NULL, 0, 'ltc');
INSERT INTO `mill` VALUES (1478, 'wyf1223', '0x139', '0x139', NULL, 0, 'ltc');
INSERT INTO `mill` VALUES (1479, 'wyf1223', '0x153', '0x153', NULL, 0, 'ltc');
INSERT INTO `mill` VALUES (1480, 'wyf1223', '0x157', '0x157', NULL, 0, 'ltc');
INSERT INTO `mill` VALUES (1481, 'wyf1223', '0x104', '0x104', NULL, 0, 'ltc');
INSERT INTO `mill` VALUES (1482, 'wyf1223', '0x103', '0x103', NULL, 0, 'ltc');
INSERT INTO `mill` VALUES (1483, 'wyf1223', '0x117', '0x117', NULL, 0, 'ltc');
INSERT INTO `mill` VALUES (1484, 'wyf1223', '0x110', '0x110', NULL, 0, 'ltc');
INSERT INTO `mill` VALUES (1485, 'wyf1223', '0x127', '0x127', NULL, 0, 'ltc');
INSERT INTO `mill` VALUES (1486, 'wyf1223', '0x150', '0x150', NULL, 0, 'ltc');
INSERT INTO `mill` VALUES (1487, 'wyf1223', '0x105', '0x105', NULL, 0, 'ltc');
INSERT INTO `mill` VALUES (1488, 'wyf1223', '0x101', '0x101', NULL, 0, 'ltc');
INSERT INTO `mill` VALUES (1489, 'wyf1223', '0x149', '0x149', NULL, 0, 'ltc');
INSERT INTO `mill` VALUES (1490, 'wyf1223', '0x111', '0x111', NULL, 0, 'ltc');
INSERT INTO `mill` VALUES (1491, 'wyf1223', '0x129', '0x129', NULL, 0, 'ltc');
INSERT INTO `mill` VALUES (1492, 'wyf1223', '0x159', '0x159', NULL, 0, 'ltc');
INSERT INTO `mill` VALUES (1493, 'wyf1223', '0x107', '0x107', NULL, 0, 'ltc');
INSERT INTO `mill` VALUES (1494, 'wyf1223', '0x135', '0x135', NULL, 0, 'ltc');
INSERT INTO `mill` VALUES (1495, 'wyf1223', '0x115', '0x115', NULL, 0, 'ltc');
INSERT INTO `mill` VALUES (1496, 'wyf1223', '0x154', '0x154', NULL, 0, 'ltc');
INSERT INTO `mill` VALUES (1497, 'wyf1223', '0x114', '0x114', NULL, 0, 'ltc');
INSERT INTO `mill` VALUES (1498, 'wyf1223', '0x126', '0x126', NULL, 0, 'ltc');
INSERT INTO `mill` VALUES (1499, 'wyf1223', '0x148', '0x148', NULL, 0, 'ltc');
INSERT INTO `mill` VALUES (1500, 'wyf1223', '0x116', '0x116', NULL, 0, 'ltc');
INSERT INTO `mill` VALUES (1501, 'wyf1223', '0x128', '0x128', NULL, 0, 'ltc');
INSERT INTO `mill` VALUES (1502, 'wyf1223', '0x122', '0x122', NULL, 0, 'ltc');
INSERT INTO `mill` VALUES (1503, 'wyf1223', '0x141', '0x141', NULL, 0, 'ltc');
INSERT INTO `mill` VALUES (1504, 'wyf1223', '0x109', '0x109', NULL, 0, 'ltc');
INSERT INTO `mill` VALUES (1505, 'wyf1223', '0x130', '0x130', NULL, 0, 'ltc');
INSERT INTO `mill` VALUES (1506, 'wyf1223', '0x144', '0x144', NULL, 0, 'ltc');
INSERT INTO `mill` VALUES (1507, 'wyf1223', '0x134', '0x134', NULL, 0, 'ltc');
INSERT INTO `mill` VALUES (1508, 'wyf1223', '0x147', '0x147', NULL, 0, 'ltc');
INSERT INTO `mill` VALUES (1509, 'wyf1223', '0x120', '0x120', NULL, 0, 'ltc');
INSERT INTO `mill` VALUES (1510, 'wyf1223', '0x125', '0x125', NULL, 0, 'ltc');
INSERT INTO `mill` VALUES (1511, 'wyf1223', '0x113', '0x113', NULL, 0, 'ltc');
INSERT INTO `mill` VALUES (1512, 'wyf1223', '0x121', '0x121', NULL, 0, 'ltc');
INSERT INTO `mill` VALUES (1513, 'wyf1223', '0x142', '0x142', NULL, 0, 'ltc');
INSERT INTO `mill` VALUES (1514, 'wyf1223', '0x160', '0x160', NULL, 0, 'ltc');
INSERT INTO `mill` VALUES (1515, 'wyf1223', '0x131', '0x131', NULL, 0, 'ltc');
INSERT INTO `mill` VALUES (1516, 'wangwei931002', '102x105', '102x105', NULL, 0, 'ltc');
INSERT INTO `mill` VALUES (1517, 'wangwei931002', '102x140', '102x140', NULL, 0, 'ltc');
INSERT INTO `mill` VALUES (1518, 'wangwei931002', '102x139', '102x139', NULL, 0, 'ltc');
INSERT INTO `mill` VALUES (1519, 'wangwei931002', '102x123', '102x123', NULL, 0, 'ltc');
INSERT INTO `mill` VALUES (1520, 'wangwei931002', '102x129', '102x129', NULL, 0, 'ltc');
INSERT INTO `mill` VALUES (1521, 'wangwei931002', '102x132', '102x132', NULL, 0, 'ltc');
INSERT INTO `mill` VALUES (1522, 'wangwei931002', '102x131', '102x131', NULL, 0, 'ltc');
INSERT INTO `mill` VALUES (1523, 'wangwei931002', '102x107', '102x107', NULL, 0, 'ltc');
INSERT INTO `mill` VALUES (1524, 'wangwei931002', '102x136', '102x136', NULL, 0, 'ltc');
INSERT INTO `mill` VALUES (1525, 'wangwei931002', '102x113', '102x113', NULL, 0, 'ltc');
INSERT INTO `mill` VALUES (1526, 'wangwei931002', '102x128', '102x128', NULL, 0, 'ltc');
INSERT INTO `mill` VALUES (1527, 'wangwei931002', '102x106', '102x106', NULL, 0, 'ltc');
INSERT INTO `mill` VALUES (1528, 'wangwei931002', '102x120', '102x120', NULL, 0, 'ltc');
INSERT INTO `mill` VALUES (1529, 'wangwei931002', '102x130', '102x130', NULL, 0, 'ltc');
INSERT INTO `mill` VALUES (1530, 'wangwei931002', '102x112', '102x112', NULL, 0, 'ltc');
INSERT INTO `mill` VALUES (1531, 'wangwei931002', '102x101', '102x101', NULL, 0, 'ltc');
INSERT INTO `mill` VALUES (1532, 'wangwei931002', '102x110', '102x110', NULL, 0, 'ltc');
INSERT INTO `mill` VALUES (1533, 'wangwei931002', '102x103', '102x103', NULL, 0, 'ltc');
INSERT INTO `mill` VALUES (1534, 'wangwei931002', '102x109', '102x109', NULL, 0, 'ltc');
INSERT INTO `mill` VALUES (1535, 'wangwei931002', '102x125', '102x125', NULL, 0, 'ltc');
INSERT INTO `mill` VALUES (1536, 'wangwei931002', '102x122', '102x122', NULL, 0, 'ltc');
INSERT INTO `mill` VALUES (1537, 'wangwei931002', '102x102', '102x102', NULL, 0, 'ltc');
INSERT INTO `mill` VALUES (1538, 'wangwei931002', '102x104', '102x104', NULL, 0, 'ltc');
INSERT INTO `mill` VALUES (1539, 'wangwei931002', '102x108', '102x108', NULL, 0, 'ltc');
INSERT INTO `mill` VALUES (1540, 'wangwei931002', '102x126', '102x126', NULL, 0, 'ltc');
INSERT INTO `mill` VALUES (1541, 'wangwei931002', '102x114', '102x114', NULL, 0, 'ltc');
INSERT INTO `mill` VALUES (1542, 'wangwei931002', '102x115', '102x115', NULL, 0, 'ltc');
INSERT INTO `mill` VALUES (1543, 'wangwei931002', '102x111', '102x111', NULL, 0, 'ltc');
INSERT INTO `mill` VALUES (1544, 'wangwei931002', '102x116', '102x116', NULL, 0, 'ltc');
INSERT INTO `mill` VALUES (1545, 'wangwei931002', '102x118', '102x118', NULL, 0, 'ltc');
INSERT INTO `mill` VALUES (1546, 'wangwei931002', '102x127', '102x127', NULL, 0, 'ltc');
INSERT INTO `mill` VALUES (1547, 'wangwei931002', '102x119', '102x119', NULL, 0, 'ltc');
INSERT INTO `mill` VALUES (1548, 'wangwei931002', '102x117', '102x117', NULL, 0, 'ltc');
INSERT INTO `mill` VALUES (1549, 'wangwei931002', '102x138', '102x138', NULL, 0, 'ltc');
INSERT INTO `mill` VALUES (1550, 'wangwei931002', '102x137', '102x137', NULL, 0, 'ltc');
INSERT INTO `mill` VALUES (1551, 'wangwei931002', '102x135', '102x135', NULL, 0, 'ltc');
INSERT INTO `mill` VALUES (1552, 'wangwei931002', '102x124', '102x124', NULL, 0, 'ltc');
INSERT INTO `mill` VALUES (1553, 'wangwei931002', '102x121', '102x121', NULL, 0, 'ltc');
INSERT INTO `mill` VALUES (1554, 'wangwei931002', '102x134', '102x134', NULL, 0, 'ltc');
INSERT INTO `mill` VALUES (1555, 'wangwei931002', '102x133', '102x133', NULL, 0, 'ltc');
INSERT INTO `mill` VALUES (1556, 'hukun', '113x147', '113x147', NULL, 0, 'ltc');
INSERT INTO `mill` VALUES (1557, 'hukun', '113x152', '113x152', NULL, 0, 'ltc');
INSERT INTO `mill` VALUES (1558, 'hukun', '111x12', '111x12', NULL, 0, 'ltc');
INSERT INTO `mill` VALUES (1559, 'hukun', '113x143', '113x143', NULL, 0, 'ltc');
INSERT INTO `mill` VALUES (1560, 'hukun', '113x160', '113x160', NULL, 0, 'ltc');
INSERT INTO `mill` VALUES (1561, 'hukun', '113x157', '113x157', NULL, 0, 'ltc');
INSERT INTO `mill` VALUES (1562, 'hukun', '111x18', '111x18', NULL, 0, 'ltc');
INSERT INTO `mill` VALUES (1563, 'hukun', '113x158', '113x158', NULL, 0, 'ltc');
INSERT INTO `mill` VALUES (1564, 'hukun', '113x141', '113x141', NULL, 0, 'ltc');
INSERT INTO `mill` VALUES (1565, 'hukun', '111x19', '111x19', NULL, 0, 'ltc');
INSERT INTO `mill` VALUES (1566, 'hukun', '111x14', '111x14', NULL, 0, 'ltc');
INSERT INTO `mill` VALUES (1567, 'hukun', '111x17', '111x17', NULL, 0, 'ltc');
INSERT INTO `mill` VALUES (1568, 'hukun', '111x15', '111x15', NULL, 0, 'ltc');
INSERT INTO `mill` VALUES (1569, 'hukun', '113x144', '113x144', NULL, 0, 'ltc');
INSERT INTO `mill` VALUES (1570, 'hukun', '113x159', '113x159', NULL, 0, 'ltc');
INSERT INTO `mill` VALUES (1571, 'hukun', '113x155', '113x155', NULL, 0, 'ltc');
INSERT INTO `mill` VALUES (1572, 'hukun', '113x145', '113x145', NULL, 0, 'ltc');
INSERT INTO `mill` VALUES (1573, 'hukun', '113x156', '113x156', NULL, 0, 'ltc');
INSERT INTO `mill` VALUES (1574, 'hukun', '113x148', '113x148', NULL, 0, 'ltc');
INSERT INTO `mill` VALUES (1575, 'hukun', '113x150', '113x150', NULL, 0, 'ltc');
INSERT INTO `mill` VALUES (1576, 'hukun', '111x20', '111x20', NULL, 0, 'ltc');
INSERT INTO `mill` VALUES (1577, 'hukun', '111x13', '111x13', NULL, 0, 'ltc');
INSERT INTO `mill` VALUES (1578, 'hukun', '113x154', '113x154', NULL, 0, 'ltc');
INSERT INTO `mill` VALUES (1579, 'hukun', '111x11', '111x11', NULL, 0, 'ltc');
INSERT INTO `mill` VALUES (1580, 'hukun', '113x142', '113x142', NULL, 0, 'ltc');
INSERT INTO `mill` VALUES (1581, 'hukun', '111x16', '111x16', NULL, 0, 'ltc');
INSERT INTO `mill` VALUES (1582, 'hukun', '113x153', '113x153', NULL, 0, 'ltc');
INSERT INTO `mill` VALUES (1583, 'hukun', '113x151', '113x151', NULL, 0, 'ltc');
INSERT INTO `mill` VALUES (1584, 'hukun', '113x146', '113x146', NULL, 0, 'ltc');
INSERT INTO `mill` VALUES (1585, 'hukun', '113x149', '113x149', NULL, 0, 'ltc');
INSERT INTO `mill` VALUES (1586, 'zhouli', '1x80', '1x80', NULL, 0, 'ltc');
INSERT INTO `mill` VALUES (1587, 'zhouli', '1x184', '1x184', NULL, 0, 'ltc');
INSERT INTO `mill` VALUES (1588, 'zhouli', '1x150', '1x150', NULL, 0, 'ltc');
INSERT INTO `mill` VALUES (1589, 'zhouli', '1x63', '1x63', NULL, 0, 'ltc');
INSERT INTO `mill` VALUES (1590, 'zhouli', '1x190', '1x190', NULL, 0, 'ltc');
INSERT INTO `mill` VALUES (1591, 'zhouli', '1x85', '1x85', NULL, 0, 'ltc');
INSERT INTO `mill` VALUES (1592, 'zhouli', '1x121', '1x121', NULL, 0, 'ltc');
INSERT INTO `mill` VALUES (1593, 'zhouli', '1x55', '1x55', NULL, 0, 'ltc');
INSERT INTO `mill` VALUES (1594, 'zhouli', '1x155', '1x155', NULL, 0, 'ltc');
INSERT INTO `mill` VALUES (1595, 'zhouli', '1x162', '1x162', NULL, 0, 'ltc');
INSERT INTO `mill` VALUES (1596, 'zhouli', '1x167', '1x167', NULL, 0, 'ltc');
INSERT INTO `mill` VALUES (1597, 'zhouli', '1x10', '1x10', NULL, 0, 'ltc');
INSERT INTO `mill` VALUES (1598, 'zhouli', '1x70', '1x70', NULL, 0, 'ltc');
INSERT INTO `mill` VALUES (1599, 'zhouli', '1x180', '1x180', NULL, 0, 'ltc');
INSERT INTO `mill` VALUES (1600, 'zhouli', '1x207', '1x207', NULL, 0, 'ltc');
INSERT INTO `mill` VALUES (1601, 'zhouli', '1x40', '1x40', NULL, 0, 'ltc');
INSERT INTO `mill` VALUES (1602, 'zhouli', '1x57', '1x57', NULL, 0, 'ltc');
INSERT INTO `mill` VALUES (1603, 'zhouli', '1x158', '1x158', NULL, 0, 'ltc');
INSERT INTO `mill` VALUES (1604, 'zhouli', '1x98', '1x98', NULL, 0, 'ltc');
INSERT INTO `mill` VALUES (1605, 'zhouli', '1x194', '1x194', NULL, 0, 'ltc');
INSERT INTO `mill` VALUES (1606, 'zhouli', '1x211', '1x211', NULL, 0, 'ltc');
INSERT INTO `mill` VALUES (1607, 'zhouli', '1x59', '1x59', NULL, 0, 'ltc');
INSERT INTO `mill` VALUES (1608, 'zhouli', '1x12', '1x12', NULL, 0, 'ltc');
INSERT INTO `mill` VALUES (1609, 'zhouli', '1x134', '1x134', NULL, 0, 'ltc');
INSERT INTO `mill` VALUES (1610, 'zhouli', '1x186', '1x186', NULL, 0, 'ltc');
INSERT INTO `mill` VALUES (1611, 'zhouli', '1x74', '1x74', NULL, 0, 'ltc');
INSERT INTO `mill` VALUES (1612, 'zhouli', '1x131', '1x131', NULL, 0, 'ltc');
INSERT INTO `mill` VALUES (1613, 'zhouli', '1x193', '1x193', NULL, 0, 'ltc');
INSERT INTO `mill` VALUES (1614, 'zhouli', '1x82', '1x82', NULL, 0, 'ltc');
INSERT INTO `mill` VALUES (1615, 'zhouli', '1x84', '1x84', NULL, 0, 'ltc');
INSERT INTO `mill` VALUES (1616, 'zhouli', '1x200', '1x200', NULL, 0, 'ltc');
INSERT INTO `mill` VALUES (1617, 'zhouli', '1x49', '1x49', NULL, 0, 'ltc');
INSERT INTO `mill` VALUES (1618, 'zhouli', '1x177', '1x177', NULL, 0, 'ltc');
INSERT INTO `mill` VALUES (1619, 'zhouli', '1x109', '1x109', NULL, 0, 'ltc');
INSERT INTO `mill` VALUES (1620, 'zhouli', '1x72', '1x72', NULL, 0, 'ltc');
INSERT INTO `mill` VALUES (1621, 'zhouli', '1x182', '1x182', NULL, 0, 'ltc');
INSERT INTO `mill` VALUES (1622, 'zhouli', '1x164', '1x164', NULL, 0, 'ltc');
INSERT INTO `mill` VALUES (1623, 'zhouli', '1x118', '1x118', NULL, 0, 'ltc');
INSERT INTO `mill` VALUES (1624, 'zhouli', '1x188', '1x188', NULL, 0, 'ltc');
INSERT INTO `mill` VALUES (1625, 'zhouli', '1x27', '1x27', NULL, 0, 'ltc');
INSERT INTO `mill` VALUES (1626, 'zhouli', '1x153', '1x153', NULL, 0, 'ltc');
INSERT INTO `mill` VALUES (1627, 'zhouli', '1x197', '1x197', NULL, 0, 'ltc');
INSERT INTO `mill` VALUES (1628, 'zhouli', '1x17', '1x17', NULL, 0, 'ltc');
INSERT INTO `mill` VALUES (1629, 'zhouli', '1x15', '1x15', NULL, 0, 'ltc');
INSERT INTO `mill` VALUES (1630, 'zhouli', '1x58', '1x58', NULL, 0, 'ltc');
INSERT INTO `mill` VALUES (1631, 'zhouli', '1x43', '1x43', NULL, 0, 'ltc');
INSERT INTO `mill` VALUES (1632, 'zhouli', '1x173', '1x173', NULL, 0, 'ltc');
INSERT INTO `mill` VALUES (1633, 'zhouli', '1x87', '1x87', NULL, 0, 'ltc');
INSERT INTO `mill` VALUES (1634, 'zhouli', '1x151', '1x151', NULL, 0, 'ltc');
INSERT INTO `mill` VALUES (1635, 'zhouli', '1x79', '1x79', NULL, 0, 'ltc');
INSERT INTO `mill` VALUES (1636, 'zhouli', '1x149', '1x149', NULL, 0, 'ltc');
INSERT INTO `mill` VALUES (1637, 'zhouli', '1x133', '1x133', NULL, 0, 'ltc');
INSERT INTO `mill` VALUES (1638, 'zhouli', '1x196', '1x196', NULL, 0, 'ltc');
INSERT INTO `mill` VALUES (1639, 'zhouli', '1x168', '1x168', NULL, 0, 'ltc');
INSERT INTO `mill` VALUES (1640, 'zhouli', '1x124', '1x124', NULL, 0, 'ltc');
INSERT INTO `mill` VALUES (1641, 'zhouli', '1x41', '1x41', NULL, 0, 'ltc');
INSERT INTO `mill` VALUES (1642, 'zhouli', '1x148', '1x148', NULL, 0, 'ltc');
INSERT INTO `mill` VALUES (1643, 'zhouli', '1x24', '1x24', NULL, 0, 'ltc');
INSERT INTO `mill` VALUES (1644, 'zhouli', '1x172', '1x172', NULL, 0, 'ltc');
INSERT INTO `mill` VALUES (1645, 'zhouli', '1x45', '1x45', NULL, 0, 'ltc');
INSERT INTO `mill` VALUES (1646, 'zhouli', '1x91', '1x91', NULL, 0, 'ltc');
INSERT INTO `mill` VALUES (1647, 'zhouli', '1x138', '1x138', NULL, 0, 'ltc');
INSERT INTO `mill` VALUES (1648, 'zhouli', '1x102', '1x102', NULL, 0, 'ltc');
INSERT INTO `mill` VALUES (1649, 'zhouli', '1x94', '1x94', NULL, 0, 'ltc');
INSERT INTO `mill` VALUES (1650, 'zhouli', '1x135', '1x135', NULL, 0, 'ltc');
INSERT INTO `mill` VALUES (1651, 'zhouli', '1x62', '1x62', NULL, 0, 'ltc');
INSERT INTO `mill` VALUES (1652, 'zhouli', '1x77', '1x77', NULL, 0, 'ltc');
INSERT INTO `mill` VALUES (1653, 'zhouli', '1x73', '1x73', NULL, 0, 'ltc');
INSERT INTO `mill` VALUES (1654, 'zhouli', '1x108', '1x108', NULL, 0, 'ltc');
INSERT INTO `mill` VALUES (1655, 'zhouli', '1x156', '1x156', NULL, 0, 'ltc');
INSERT INTO `mill` VALUES (1656, 'zhouli', '1x113', '1x113', NULL, 0, 'ltc');
INSERT INTO `mill` VALUES (1657, 'zhouli', '1x18', '1x18', NULL, 0, 'ltc');
INSERT INTO `mill` VALUES (1658, 'zhouli', '1x169', '1x169', NULL, 0, 'ltc');
INSERT INTO `mill` VALUES (1659, 'zhouli', '1x116', '1x116', NULL, 0, 'ltc');
INSERT INTO `mill` VALUES (1660, 'zhouli', '1x105', '1x105', NULL, 0, 'ltc');
INSERT INTO `mill` VALUES (1661, 'zhouli', '1x218', '1x218', NULL, 0, 'ltc');
INSERT INTO `mill` VALUES (1662, 'zhouli', '1x107', '1x107', NULL, 0, 'ltc');
INSERT INTO `mill` VALUES (1663, 'zhouli', '1x86', '1x86', NULL, 0, 'ltc');
INSERT INTO `mill` VALUES (1664, 'zhouli', '1x60', '1x60', NULL, 0, 'ltc');
INSERT INTO `mill` VALUES (1665, 'zhouli', '1x44', '1x44', NULL, 0, 'ltc');
INSERT INTO `mill` VALUES (1666, 'zhouli', '1x163', '1x163', NULL, 0, 'ltc');
INSERT INTO `mill` VALUES (1667, 'zhouli', '1x104', '1x104', NULL, 0, 'ltc');
INSERT INTO `mill` VALUES (1668, 'zhouli', '1x56', '1x56', NULL, 0, 'ltc');
INSERT INTO `mill` VALUES (1669, 'zhouli', '1x160', '1x160', NULL, 0, 'ltc');
INSERT INTO `mill` VALUES (1670, 'zhouli', '1x112', '1x112', NULL, 0, 'ltc');
INSERT INTO `mill` VALUES (1671, 'zhouli', '1x66', '1x66', NULL, 0, 'ltc');
INSERT INTO `mill` VALUES (1672, 'zhouli', '1x123', '1x123', NULL, 0, 'ltc');
INSERT INTO `mill` VALUES (1673, 'zhouli', '1x195', '1x195', NULL, 0, 'ltc');
INSERT INTO `mill` VALUES (1674, 'zhouli', '1x217', '1x217', NULL, 0, 'ltc');
INSERT INTO `mill` VALUES (1675, 'zhouli', '1x99', '1x99', NULL, 0, 'ltc');
INSERT INTO `mill` VALUES (1676, 'zhouli', '1x50', '1x50', NULL, 0, 'ltc');
INSERT INTO `mill` VALUES (1677, 'zhouli', '1x198', '1x198', NULL, 0, 'ltc');
INSERT INTO `mill` VALUES (1678, 'zhouli', '1x119', '1x119', NULL, 0, 'ltc');
INSERT INTO `mill` VALUES (1679, 'zhouli', '1x141', '1x141', NULL, 0, 'ltc');
INSERT INTO `mill` VALUES (1680, 'zhouli', '1x213', '1x213', NULL, 0, 'ltc');
INSERT INTO `mill` VALUES (1681, 'zhouli', '1x212', '1x212', NULL, 0, 'ltc');
INSERT INTO `mill` VALUES (1682, 'zhouli', '1x115', '1x115', NULL, 0, 'ltc');
INSERT INTO `mill` VALUES (1683, 'zhouli', '1x46', '1x46', NULL, 0, 'ltc');
INSERT INTO `mill` VALUES (1684, 'zhouli', '1x208', '1x208', NULL, 0, 'ltc');
INSERT INTO `mill` VALUES (1685, 'zhouli', '1x170', '1x170', NULL, 0, 'ltc');
INSERT INTO `mill` VALUES (1686, 'zhouli', '1x71', '1x71', NULL, 0, 'ltc');
INSERT INTO `mill` VALUES (1687, 'zhouli', '1x143', '1x143', NULL, 0, 'ltc');
INSERT INTO `mill` VALUES (1688, 'zhouli', '1x159', '1x159', NULL, 0, 'ltc');
INSERT INTO `mill` VALUES (1689, 'zhouli', '1x128', '1x128', NULL, 0, 'ltc');
INSERT INTO `mill` VALUES (1690, 'zhouli', '1x89', '1x89', NULL, 0, 'ltc');
INSERT INTO `mill` VALUES (1691, 'zhouli', '1x69', '1x69', NULL, 0, 'ltc');
INSERT INTO `mill` VALUES (1692, 'zhouli', '1x171', '1x171', NULL, 0, 'ltc');
INSERT INTO `mill` VALUES (1693, 'zhouli', '1x152', '1x152', NULL, 0, 'ltc');
INSERT INTO `mill` VALUES (1694, 'zhouli', '1x136', '1x136', NULL, 0, 'ltc');
INSERT INTO `mill` VALUES (1695, 'zhouli', '1x154', '1x154', NULL, 0, 'ltc');
INSERT INTO `mill` VALUES (1696, 'zhouli', '1x19', '1x19', NULL, 0, 'ltc');
INSERT INTO `mill` VALUES (1697, 'zhouli', '1x146', '1x146', NULL, 0, 'ltc');
INSERT INTO `mill` VALUES (1698, 'zhouli', '1x14', '1x14', NULL, 0, 'ltc');
INSERT INTO `mill` VALUES (1699, 'zhouli', '1x214', '1x214', NULL, 0, 'ltc');
INSERT INTO `mill` VALUES (1700, 'zhouli', '1x142', '1x142', NULL, 0, 'ltc');
INSERT INTO `mill` VALUES (1701, 'zhouli', '1x199', '1x199', NULL, 0, 'ltc');
INSERT INTO `mill` VALUES (1702, 'zhouli', '1x157', '1x157', NULL, 0, 'ltc');
INSERT INTO `mill` VALUES (1703, 'zhouli', '1x96', '1x96', NULL, 0, 'ltc');
INSERT INTO `mill` VALUES (1704, 'zhouli', '1x28', '1x28', NULL, 0, 'ltc');
INSERT INTO `mill` VALUES (1705, 'zhouli', '1x166', '1x166', NULL, 0, 'ltc');
INSERT INTO `mill` VALUES (1706, 'zhouli', '1x101', '1x101', NULL, 0, 'ltc');
INSERT INTO `mill` VALUES (1707, 'zhouli', '1x202', '1x202', NULL, 0, 'ltc');
INSERT INTO `mill` VALUES (1708, 'zhouli', '1x68', '1x68', NULL, 0, 'ltc');
INSERT INTO `mill` VALUES (1709, 'zhouli', '1x110', '1x110', NULL, 0, 'ltc');
INSERT INTO `mill` VALUES (1710, 'zhouli', '1x25', '1x25', NULL, 0, 'ltc');
INSERT INTO `mill` VALUES (1711, 'zhouli', '1x29', '1x29', NULL, 0, 'ltc');
INSERT INTO `mill` VALUES (1712, 'zhouli', '1x161', '1x161', NULL, 0, 'ltc');
INSERT INTO `mill` VALUES (1713, 'zhouli', '1x191', '1x191', NULL, 0, 'ltc');
INSERT INTO `mill` VALUES (1714, 'zhouli', '1x114', '1x114', NULL, 0, 'ltc');
INSERT INTO `mill` VALUES (1715, 'zhouli', '1x144', '1x144', NULL, 0, 'ltc');
INSERT INTO `mill` VALUES (1716, 'zhouli', '1x13', '1x13', NULL, 0, 'ltc');
INSERT INTO `mill` VALUES (1717, 'zhouli', '1x90', '1x90', NULL, 0, 'ltc');
INSERT INTO `mill` VALUES (1718, 'zhouli', '1x139', '1x139', NULL, 0, 'ltc');
INSERT INTO `mill` VALUES (1719, 'zhouli', '1x67', '1x67', NULL, 0, 'ltc');
INSERT INTO `mill` VALUES (1720, 'zhouli', '1x206', '1x206', NULL, 0, 'ltc');
INSERT INTO `mill` VALUES (1721, 'zhouli', '1x122', '1x122', NULL, 0, 'ltc');
INSERT INTO `mill` VALUES (1722, 'zhouli', '1x61', '1x61', NULL, 0, 'ltc');
INSERT INTO `mill` VALUES (1723, 'zhouli', '1x140', '1x140', NULL, 0, 'ltc');
INSERT INTO `mill` VALUES (1724, 'zhouli', '1x125', '1x125', NULL, 0, 'ltc');
INSERT INTO `mill` VALUES (1725, 'zhouli', '1x127', '1x127', NULL, 0, 'ltc');
INSERT INTO `mill` VALUES (1726, 'zhouli', '1x16', '1x16', NULL, 0, 'ltc');
INSERT INTO `mill` VALUES (1727, 'zhouli', '1x137', '1x137', NULL, 0, 'ltc');
INSERT INTO `mill` VALUES (1728, 'zhouli', '1x175', '1x175', NULL, 0, 'ltc');
INSERT INTO `mill` VALUES (1729, 'zhouli', '1x117', '1x117', NULL, 0, 'ltc');
INSERT INTO `mill` VALUES (1730, 'zhouli', '1x203', '1x203', NULL, 0, 'ltc');
INSERT INTO `mill` VALUES (1731, 'zhouli', '1x76', '1x76', NULL, 0, 'ltc');
INSERT INTO `mill` VALUES (1732, 'zhouli', '1x129', '1x129', NULL, 0, 'ltc');
INSERT INTO `mill` VALUES (1733, 'zhouli', '1x103', '1x103', NULL, 0, 'ltc');
INSERT INTO `mill` VALUES (1734, 'zhouli', '1x88', '1x88', NULL, 0, 'ltc');
INSERT INTO `mill` VALUES (1735, 'zhouli', '1x78', '1x78', NULL, 0, 'ltc');
INSERT INTO `mill` VALUES (1736, 'zhouli', '1x183', '1x183', NULL, 0, 'ltc');
INSERT INTO `mill` VALUES (1737, 'zhouli', '1x53', '1x53', NULL, 0, 'ltc');
INSERT INTO `mill` VALUES (1738, 'zhouli', '1x21', '1x21', NULL, 0, 'ltc');
INSERT INTO `mill` VALUES (1739, 'zhouli', '1x93', '1x93', NULL, 0, 'ltc');
INSERT INTO `mill` VALUES (1740, 'zhouli', '1x111', '1x111', NULL, 0, 'ltc');
INSERT INTO `mill` VALUES (1741, 'zhouli', '1x48', '1x48', NULL, 0, 'ltc');
INSERT INTO `mill` VALUES (1742, 'zhouli', '1x97', '1x97', NULL, 0, 'ltc');
INSERT INTO `mill` VALUES (1743, 'zhouli', '1x176', '1x176', NULL, 0, 'ltc');
INSERT INTO `mill` VALUES (1744, 'zhouli', '1x192', '1x192', NULL, 0, 'ltc');
INSERT INTO `mill` VALUES (1745, 'zhouli', '1x20', '1x20', NULL, 0, 'ltc');
INSERT INTO `mill` VALUES (1746, 'zhouli', '1x120', '1x120', NULL, 0, 'ltc');
INSERT INTO `mill` VALUES (1747, 'zhouli', '1x185', '1x185', NULL, 0, 'ltc');
INSERT INTO `mill` VALUES (1748, 'zhouli', '1x165', '1x165', NULL, 0, 'ltc');
INSERT INTO `mill` VALUES (1749, 'zhouli', '1x189', '1x189', NULL, 0, 'ltc');
INSERT INTO `mill` VALUES (1750, 'zhouli', '1x147', '1x147', NULL, 0, 'ltc');
INSERT INTO `mill` VALUES (1751, 'zhouli', '1x81', '1x81', NULL, 0, 'ltc');
INSERT INTO `mill` VALUES (1752, 'zhouli', '1x26', '1x26', NULL, 0, 'ltc');
INSERT INTO `mill` VALUES (1753, 'zhouli', '1x174', '1x174', NULL, 0, 'ltc');
INSERT INTO `mill` VALUES (1754, 'zhouli', '1x205', '1x205', NULL, 0, 'ltc');
INSERT INTO `mill` VALUES (1755, 'zhouli', '1x51', '1x51', NULL, 0, 'ltc');
INSERT INTO `mill` VALUES (1756, 'zhouli', '1x83', '1x83', NULL, 0, 'ltc');
INSERT INTO `mill` VALUES (1757, 'zhouli', '1x11', '1x11', NULL, 0, 'ltc');
INSERT INTO `mill` VALUES (1758, 'zhouli', '1x215', '1x215', NULL, 0, 'ltc');
INSERT INTO `mill` VALUES (1759, 'zhouli', '1x47', '1x47', NULL, 0, 'ltc');
INSERT INTO `mill` VALUES (1760, 'zhouli', '1x42', '1x42', NULL, 0, 'ltc');
INSERT INTO `mill` VALUES (1761, 'zhouli', '1x75', '1x75', NULL, 0, 'ltc');
INSERT INTO `mill` VALUES (1762, 'tao', '15', '15', NULL, 0, 'ltc');
INSERT INTO `mill` VALUES (1763, 'tao', '12', '12', NULL, 0, 'ltc');
INSERT INTO `mill` VALUES (1764, 'tao', '18', '18', NULL, 0, 'ltc');
INSERT INTO `mill` VALUES (1765, 'tao', '17', '17', NULL, 0, 'ltc');
INSERT INTO `mill` VALUES (1766, 'tao', '21', '21', NULL, 0, 'ltc');
INSERT INTO `mill` VALUES (1767, 'tao', '16', '16', NULL, 0, 'ltc');
INSERT INTO `mill` VALUES (1768, 'tao', '26', '26', NULL, 0, 'ltc');
INSERT INTO `mill` VALUES (1769, 'tao', '37', '37', NULL, 0, 'ltc');
INSERT INTO `mill` VALUES (1770, 'tao', '33', '33', NULL, 0, 'ltc');
INSERT INTO `mill` VALUES (1771, 'tao', '07', '07', NULL, 0, 'ltc');
INSERT INTO `mill` VALUES (1772, 'tao', '31', '31', NULL, 0, 'ltc');
INSERT INTO `mill` VALUES (1773, 'tao', '29', '29', NULL, 0, 'ltc');
INSERT INTO `mill` VALUES (1774, 'tao', '14', '14', NULL, 0, 'ltc');
INSERT INTO `mill` VALUES (1775, 'tao', '40', '40', NULL, 0, 'ltc');
INSERT INTO `mill` VALUES (1776, 'tao', '10', '10', NULL, 0, 'ltc');
INSERT INTO `mill` VALUES (1777, 'tao', '11', '11', NULL, 0, 'ltc');
INSERT INTO `mill` VALUES (1778, 'tao', '38', '38', NULL, 0, 'ltc');
INSERT INTO `mill` VALUES (1779, 'tao', '32', '32', NULL, 0, 'ltc');
INSERT INTO `mill` VALUES (1780, 'tao', '04', '04', NULL, 0, 'ltc');
INSERT INTO `mill` VALUES (1781, 'tao', '28', '28', NULL, 0, 'ltc');
INSERT INTO `mill` VALUES (1782, 'tao', '03', '03', NULL, 0, 'ltc');
INSERT INTO `mill` VALUES (1783, 'tao', '43', '43', NULL, 0, 'ltc');
INSERT INTO `mill` VALUES (1784, 'tao', '39', '39', NULL, 0, 'ltc');
INSERT INTO `mill` VALUES (1785, 'tao', '06', '06', NULL, 0, 'ltc');
INSERT INTO `mill` VALUES (1786, 'tao', '25', '25', NULL, 0, 'ltc');
INSERT INTO `mill` VALUES (1787, 'tao', '13', '13', NULL, 0, 'ltc');
INSERT INTO `mill` VALUES (1788, 'tao', '30', '30', NULL, 0, 'ltc');
INSERT INTO `mill` VALUES (1789, 'tao', '19', '19', NULL, 0, 'ltc');
INSERT INTO `mill` VALUES (1790, 'tao', '23', '23', NULL, 0, 'ltc');
INSERT INTO `mill` VALUES (1791, 'tao', '01', '01', NULL, 0, 'ltc');
INSERT INTO `mill` VALUES (1792, 'tao', '22', '22', NULL, 0, 'ltc');
INSERT INTO `mill` VALUES (1793, 'tao', '42', '42', NULL, 0, 'ltc');
INSERT INTO `mill` VALUES (1794, 'tao', '27', '27', NULL, 0, 'ltc');
INSERT INTO `mill` VALUES (1795, 'tao', '05', '05', NULL, 0, 'ltc');
INSERT INTO `mill` VALUES (1796, 'tao', '08', '08', NULL, 0, 'ltc');
INSERT INTO `mill` VALUES (1797, 'tao', '36', '36', NULL, 0, 'ltc');
INSERT INTO `mill` VALUES (1798, 'tao', '09', '09', NULL, 0, 'ltc');
INSERT INTO `mill` VALUES (1799, 'tao', '34', '34', NULL, 0, 'ltc');
INSERT INTO `mill` VALUES (1800, 'tao', '24', '24', NULL, 0, 'ltc');
INSERT INTO `mill` VALUES (1801, 'tao', '41', '41', NULL, 0, 'ltc');
INSERT INTO `mill` VALUES (1802, 'tao', '44', '44', NULL, 0, 'ltc');
INSERT INTO `mill` VALUES (1803, 'tao', '35', '35', NULL, 0, 'ltc');
INSERT INTO `mill` VALUES (1804, 'l123', '16X112', '16X112', NULL, 0, 'ltc');
INSERT INTO `mill` VALUES (1805, 'l123', '12', '12', NULL, 0, 'ltc');
INSERT INTO `mill` VALUES (1806, 'l123', '14X110', '14X110', NULL, 0, 'ltc');
INSERT INTO `mill` VALUES (1807, 'l123', '15X111', '15X111', NULL, 0, 'ltc');
INSERT INTO `mill` VALUES (1808, 'tkggitfk', '111x27', '111x27', NULL, 0, 'ltc');
INSERT INTO `mill` VALUES (1809, 'tkggitfk', '111x24', '111x24', NULL, 0, 'ltc');
INSERT INTO `mill` VALUES (1810, 'tkggitfk', '111x30', '111x30', NULL, 0, 'ltc');
INSERT INTO `mill` VALUES (1811, 'tkggitfk', '111x22', '111x22', NULL, 0, 'ltc');
INSERT INTO `mill` VALUES (1812, 'tkggitfk', '111x26', '111x26', NULL, 0, 'ltc');
INSERT INTO `mill` VALUES (1813, 'tkggitfk', '111x25', '111x25', NULL, 0, 'ltc');
INSERT INTO `mill` VALUES (1814, 'tkggitfk', '111x23', '111x23', NULL, 0, 'ltc');
INSERT INTO `mill` VALUES (1815, 'tkggitfk', '111x21', '111x21', NULL, 0, 'ltc');
INSERT INTO `mill` VALUES (1816, 'tkggitfk', '111x28', '111x28', NULL, 0, 'ltc');
INSERT INTO `mill` VALUES (1817, 'tkggitfk', '111x29', '111x29', NULL, 0, 'ltc');
INSERT INTO `mill` VALUES (1818, 'huangshuai', '2x147', '2x147', NULL, 0, 'ltc');
INSERT INTO `mill` VALUES (1819, 'huangshuai', '2x133', '2x133', NULL, 0, 'ltc');
INSERT INTO `mill` VALUES (1820, 'huangshuai', '2x105', '2x105', NULL, 0, 'ltc');
INSERT INTO `mill` VALUES (1821, 'huangshuai', '2x245', '2x245', NULL, 0, 'ltc');
INSERT INTO `mill` VALUES (1822, 'huangshuai', '2x122', '2x122', NULL, 0, 'ltc');
INSERT INTO `mill` VALUES (1823, 'huangshuai', '2x100', '2x100', NULL, 0, 'ltc');
INSERT INTO `mill` VALUES (1824, 'huangshuai', '2x247', '2x247', NULL, 0, 'ltc');
INSERT INTO `mill` VALUES (1825, 'huangshuai', '2x124', '2x124', NULL, 0, 'ltc');
INSERT INTO `mill` VALUES (1826, 'huangshuai', '2x109', '2x109', NULL, 0, 'ltc');
INSERT INTO `mill` VALUES (1827, 'huangshuai', '2x145', '2x145', NULL, 0, 'ltc');
INSERT INTO `mill` VALUES (1828, 'huangshuai', '2x165', '2x165', NULL, 0, 'ltc');
INSERT INTO `mill` VALUES (1829, 'huangshuai', '2x220', '2x220', NULL, 0, 'ltc');
INSERT INTO `mill` VALUES (1830, 'huangshuai', '2x146', '2x146', NULL, 0, 'ltc');
INSERT INTO `mill` VALUES (1831, 'huangshuai', '2x120', '2x120', NULL, 0, 'ltc');
INSERT INTO `mill` VALUES (1832, 'huangshuai', '2x206', '2x206', NULL, 0, 'ltc');
INSERT INTO `mill` VALUES (1833, 'zhmi0909', '096', '096', NULL, 0, 'ltc');
INSERT INTO `mill` VALUES (1834, 'zhmi0909', '140', '140', NULL, 0, 'ltc');
INSERT INTO `mill` VALUES (1835, 'zhmi0909', '162', '162', NULL, 0, 'ltc');
INSERT INTO `mill` VALUES (1836, 'zhmi0909', '073', '073', NULL, 0, 'ltc');
INSERT INTO `mill` VALUES (1837, 'zhmi0909', '001', '001', NULL, 0, 'ltc');
INSERT INTO `mill` VALUES (1838, 'zhmi0909', '076', '076', NULL, 0, 'ltc');
INSERT INTO `mill` VALUES (1839, 'zhmi0909', '007', '007', NULL, 0, 'ltc');
INSERT INTO `mill` VALUES (1840, 'zhmi0909', '047', '047', NULL, 0, 'ltc');
INSERT INTO `mill` VALUES (1841, 'zhmi0909', '071', '071', NULL, 0, 'ltc');
INSERT INTO `mill` VALUES (1842, 'zhmi0909', '055', '055', NULL, 0, 'ltc');
INSERT INTO `mill` VALUES (1843, 'zhmi0909', '106', '106', NULL, 0, 'ltc');
INSERT INTO `mill` VALUES (1844, 'zhmi0909', '253', '253', NULL, 0, 'ltc');
INSERT INTO `mill` VALUES (1845, 'zhmi0909', '035', '035', NULL, 0, 'ltc');
INSERT INTO `mill` VALUES (1846, 'zhmi0909', '056', '056', NULL, 0, 'ltc');
INSERT INTO `mill` VALUES (1847, 'zhmi0909', '038', '038', NULL, 0, 'ltc');
INSERT INTO `mill` VALUES (1848, 'zhmi0909', '093', '093', NULL, 0, 'ltc');
INSERT INTO `mill` VALUES (1849, 'zhmi0909', '114', '114', NULL, 0, 'ltc');
INSERT INTO `mill` VALUES (1850, 'zhmi0909', '033', '033', NULL, 0, 'ltc');
INSERT INTO `mill` VALUES (1851, 'zhmi0909', '034', '034', NULL, 0, 'ltc');
INSERT INTO `mill` VALUES (1852, 'zhmi0909', '044', '044', NULL, 0, 'ltc');
INSERT INTO `mill` VALUES (1853, 'zhmi0909', '008', '008', NULL, 0, 'ltc');
INSERT INTO `mill` VALUES (1854, 'zhmi0909', '041', '041', NULL, 0, 'ltc');
INSERT INTO `mill` VALUES (1855, 'zhmi0909', '173', '173', NULL, 0, 'ltc');
INSERT INTO `mill` VALUES (1856, 'zhmi0909', '266', '266', NULL, 0, 'ltc');
INSERT INTO `mill` VALUES (1857, 'zhmi0909', '279', '279', NULL, 0, 'ltc');
INSERT INTO `mill` VALUES (1858, 'zhmi0909', '286', '286', NULL, 0, 'ltc');
INSERT INTO `mill` VALUES (1859, 'zhmi0909', '203', '203', NULL, 0, 'ltc');
INSERT INTO `mill` VALUES (1860, 'zhmi0909', '209', '209', NULL, 0, 'ltc');
INSERT INTO `mill` VALUES (1861, 'zhmi0909', '275', '275', NULL, 0, 'ltc');
INSERT INTO `mill` VALUES (1862, 'zhmi0909', '190', '190', NULL, 0, 'ltc');
INSERT INTO `mill` VALUES (1863, 'zhmi0909', '264', '264', NULL, 0, 'ltc');
INSERT INTO `mill` VALUES (1864, 'zhmi0909', '082', '082', NULL, 0, 'ltc');
INSERT INTO `mill` VALUES (1865, 'zhmi0909', '060', '060', NULL, 0, 'ltc');
INSERT INTO `mill` VALUES (1866, 'zhmi0909', '002', '002', NULL, 0, 'ltc');
INSERT INTO `mill` VALUES (1867, 'zhmi0909', '145', '145', NULL, 0, 'ltc');
INSERT INTO `mill` VALUES (1868, 'zhmi0909', '089', '089', NULL, 0, 'ltc');
INSERT INTO `mill` VALUES (1869, 'zhmi0909', '125', '125', NULL, 0, 'ltc');
INSERT INTO `mill` VALUES (1870, 'zhmi0909', '137', '137', NULL, 0, 'ltc');
INSERT INTO `mill` VALUES (1871, 'zhmi0909', '227', '227', NULL, 0, 'ltc');
INSERT INTO `mill` VALUES (1872, 'zhmi0909', '119', '119', NULL, 0, 'ltc');
INSERT INTO `mill` VALUES (1873, 'zhmi0909', '247', '247', NULL, 0, 'ltc');
INSERT INTO `mill` VALUES (1874, 'zhmi0909', '039', '039', NULL, 0, 'ltc');
INSERT INTO `mill` VALUES (1875, 'zhmi0909', '065', '065', NULL, 0, 'ltc');
INSERT INTO `mill` VALUES (1876, 'zhmi0909', '248', '248', NULL, 0, 'ltc');
INSERT INTO `mill` VALUES (1877, 'zhmi0909', '019', '019', NULL, 0, 'ltc');
INSERT INTO `mill` VALUES (1878, 'zhmi0909', '128', '128', NULL, 0, 'ltc');
INSERT INTO `mill` VALUES (1879, 'zhmi0909', '205', '205', NULL, 0, 'ltc');
INSERT INTO `mill` VALUES (1880, 'zhmi0909', '238', '238', NULL, 0, 'ltc');
INSERT INTO `mill` VALUES (1881, 'zhmi0909', '085', '085', NULL, 0, 'ltc');
INSERT INTO `mill` VALUES (1882, 'zhmi0909', '059', '059', NULL, 0, 'ltc');
INSERT INTO `mill` VALUES (1883, 'zhmi0909', '099', '099', NULL, 0, 'ltc');
INSERT INTO `mill` VALUES (1884, 'zhmi0909', '077', '077', NULL, 0, 'ltc');
INSERT INTO `mill` VALUES (1885, 'zhmi0909', '043', '043', NULL, 0, 'ltc');
INSERT INTO `mill` VALUES (1886, 'zhmi0909', '090', '090', NULL, 0, 'ltc');
INSERT INTO `mill` VALUES (1887, 'zhmi0909', '277', '277', NULL, 0, 'ltc');
INSERT INTO `mill` VALUES (1888, 'zhmi0909', '149', '149', NULL, 0, 'ltc');
INSERT INTO `mill` VALUES (1889, 'zhmi0909', '200', '200', NULL, 0, 'ltc');
INSERT INTO `mill` VALUES (1890, 'zhmi0909', '290', '290', NULL, 0, 'ltc');
INSERT INTO `mill` VALUES (1891, 'zhmi0909', '053', '053', NULL, 0, 'ltc');
INSERT INTO `mill` VALUES (1892, 'zhmi0909', '284', '284', NULL, 0, 'ltc');
INSERT INTO `mill` VALUES (1893, 'zhmi0909', '144', '144', NULL, 0, 'ltc');
INSERT INTO `mill` VALUES (1894, 'zhmi0909', '244', '244', NULL, 0, 'ltc');
INSERT INTO `mill` VALUES (1895, 'zhmi0909', '051', '051', NULL, 0, 'ltc');
INSERT INTO `mill` VALUES (1896, 'zhmi0909', '048', '048', NULL, 0, 'ltc');
INSERT INTO `mill` VALUES (1897, 'zhmi0909', '027', '027', NULL, 0, 'ltc');
INSERT INTO `mill` VALUES (1898, 'zhmi0909', '025', '025', NULL, 0, 'ltc');
INSERT INTO `mill` VALUES (1899, 'zhmi0909', '107', '107', NULL, 0, 'ltc');
INSERT INTO `mill` VALUES (1900, 'zhmi0909', '252', '252', NULL, 0, 'ltc');
INSERT INTO `mill` VALUES (1901, 'zhmi0909', '098', '098', NULL, 0, 'ltc');
INSERT INTO `mill` VALUES (1902, 'zhmi0909', '171', '171', NULL, 0, 'ltc');
INSERT INTO `mill` VALUES (1903, 'zhmi0909', '112', '112', NULL, 0, 'ltc');
INSERT INTO `mill` VALUES (1904, 'zhmi0909', '245', '245', NULL, 0, 'ltc');
INSERT INTO `mill` VALUES (1905, 'zhmi0909', '225', '225', NULL, 0, 'ltc');
INSERT INTO `mill` VALUES (1906, 'zhmi0909', '102', '102', NULL, 0, 'ltc');
INSERT INTO `mill` VALUES (1907, 'zhmi0909', '241', '241', NULL, 0, 'ltc');
INSERT INTO `mill` VALUES (1908, 'zhmi0909', '208', '208', NULL, 0, 'ltc');
INSERT INTO `mill` VALUES (1909, 'zhmi0909', '141', '141', NULL, 0, 'ltc');
INSERT INTO `mill` VALUES (1910, 'zhmi0909', '228', '228', NULL, 0, 'ltc');
INSERT INTO `mill` VALUES (1911, 'zhmi0909', '068', '068', NULL, 0, 'ltc');
INSERT INTO `mill` VALUES (1912, 'zhmi0909', '134', '134', NULL, 0, 'ltc');
INSERT INTO `mill` VALUES (1913, 'zhmi0909', '148', '148', NULL, 0, 'ltc');
INSERT INTO `mill` VALUES (1914, 'zhmi0909', '164', '164', NULL, 0, 'ltc');
INSERT INTO `mill` VALUES (1915, 'zhmi0909', '177', '177', NULL, 0, 'ltc');
INSERT INTO `mill` VALUES (1916, 'zhmi0909', '088', '088', NULL, 0, 'ltc');
INSERT INTO `mill` VALUES (1917, 'zhmi0909', '152', '152', NULL, 0, 'ltc');
INSERT INTO `mill` VALUES (1918, 'zhmi0909', '131', '131', NULL, 0, 'ltc');
INSERT INTO `mill` VALUES (1919, 'zhmi0909', '103', '103', NULL, 0, 'ltc');
INSERT INTO `mill` VALUES (1920, 'zhmi0909', '113', '113', NULL, 0, 'ltc');
INSERT INTO `mill` VALUES (1921, 'zhmi0909', '133', '133', NULL, 0, 'ltc');
INSERT INTO `mill` VALUES (1922, 'zhmi0909', '123', '123', NULL, 0, 'ltc');
INSERT INTO `mill` VALUES (1923, 'LTC', '19x24', '19x24', NULL, 0, 'ltc');
INSERT INTO `mill` VALUES (1924, 'LTC', '19x17', '19x17', NULL, 0, 'ltc');
INSERT INTO `mill` VALUES (1925, 'LTC', '19x4', '19x4', NULL, 0, 'ltc');
INSERT INTO `mill` VALUES (1926, 'LTC', '19x3', '19x3', NULL, 0, 'ltc');
INSERT INTO `mill` VALUES (1927, 'LTC', '19x25', '19x25', NULL, 0, 'ltc');
INSERT INTO `mill` VALUES (1928, 'LTC', '19x20', '19x20', NULL, 0, 'ltc');
INSERT INTO `mill` VALUES (1929, 'LTC', '19x1', '19x1', NULL, 0, 'ltc');
INSERT INTO `mill` VALUES (1930, 'LTC', '19x30', '19x30', NULL, 0, 'ltc');
INSERT INTO `mill` VALUES (1931, 'LTC', '19x2', '19x2', NULL, 0, 'ltc');
INSERT INTO `mill` VALUES (1932, 'LTC', '19x16', '19x16', NULL, 0, 'ltc');
INSERT INTO `mill` VALUES (1933, 'LTC', '19x8', '19x8', NULL, 0, 'ltc');
INSERT INTO `mill` VALUES (1934, 'LTC', '19x14', '19x14', NULL, 0, 'ltc');
INSERT INTO `mill` VALUES (1935, 'LTC', '19x26', '19x26', NULL, 0, 'ltc');
INSERT INTO `mill` VALUES (1936, 'LTC', '19x28', '19x28', NULL, 0, 'ltc');
INSERT INTO `mill` VALUES (1937, 'LTC', '19x27', '19x27', NULL, 0, 'ltc');
INSERT INTO `mill` VALUES (1938, 'LTC', '19x12', '19x12', NULL, 0, 'ltc');
INSERT INTO `mill` VALUES (1939, 'LTC', '19x5', '19x5', NULL, 0, 'ltc');
INSERT INTO `mill` VALUES (1940, 'LTC', '19x22', '19x22', NULL, 0, 'ltc');
INSERT INTO `mill` VALUES (1941, 'LTC', '19x23', '19x23', NULL, 0, 'ltc');
INSERT INTO `mill` VALUES (1942, 'LTC', '19x13', '19x13', NULL, 0, 'ltc');
INSERT INTO `mill` VALUES (1943, 'LTC', '19x9', '19x9', NULL, 0, 'ltc');
INSERT INTO `mill` VALUES (1944, 'LTC', '19x29', '19x29', NULL, 0, 'ltc');
INSERT INTO `mill` VALUES (1945, 'LTC', '19x19', '19x19', NULL, 0, 'ltc');
INSERT INTO `mill` VALUES (1946, 'LTC', '19x18', '19x18', NULL, 0, 'ltc');
INSERT INTO `mill` VALUES (1947, 'LTC', '19x15', '19x15', NULL, 0, 'ltc');
INSERT INTO `mill` VALUES (1948, 'LTC', '19x10', '19x10', NULL, 0, 'ltc');
INSERT INTO `mill` VALUES (1949, 'LTC', '19x7', '19x7', NULL, 0, 'ltc');
INSERT INTO `mill` VALUES (1950, 'LTC', '19x6', '19x6', NULL, 0, 'ltc');
INSERT INTO `mill` VALUES (1951, 'LTC', '19x11', '19x11', NULL, 0, 'ltc');
INSERT INTO `mill` VALUES (1952, 'LTC', '19x21', '19x21', NULL, 0, 'ltc');
INSERT INTO `mill` VALUES (1953, 'janker0311', '102x57', '102x57', NULL, 0, 'ltc');
INSERT INTO `mill` VALUES (1954, 'janker0311', '102x52', '102x52', NULL, 0, 'ltc');
INSERT INTO `mill` VALUES (1955, 'janker0311', '102x50', '102x50', NULL, 0, 'ltc');
INSERT INTO `mill` VALUES (1956, 'janker0311', '102x43', '102x43', NULL, 0, 'ltc');
INSERT INTO `mill` VALUES (1957, 'janker0311', '102x30', '102x30', NULL, 0, 'ltc');
INSERT INTO `mill` VALUES (1958, 'janker0311', '102x92', '102x92', NULL, 0, 'ltc');
INSERT INTO `mill` VALUES (1959, 'janker0311', '102x27', '102x27', NULL, 0, 'ltc');
INSERT INTO `mill` VALUES (1960, 'janker0311', '102x96', '102x96', NULL, 0, 'ltc');
INSERT INTO `mill` VALUES (1961, 'janker0311', '102x37', '102x37', NULL, 0, 'ltc');
INSERT INTO `mill` VALUES (1962, 'janker0311', '102x44', '102x44', NULL, 0, 'ltc');
INSERT INTO `mill` VALUES (1963, 'janker0311', '102x97', '102x97', NULL, 0, 'ltc');
INSERT INTO `mill` VALUES (1964, 'janker0311', '102x35', '102x35', NULL, 0, 'ltc');
INSERT INTO `mill` VALUES (1965, 'janker0311', '102x64', '102x64', NULL, 0, 'ltc');
INSERT INTO `mill` VALUES (1966, 'janker0311', '102x86', '102x86', NULL, 0, 'ltc');
INSERT INTO `mill` VALUES (1967, 'janker0311', '102x26', '102x26', NULL, 0, 'ltc');
INSERT INTO `mill` VALUES (1968, 'janker0311', '102x95', '102x95', NULL, 0, 'ltc');
INSERT INTO `mill` VALUES (1969, 'janker0311', '102x53', '102x53', NULL, 0, 'ltc');
INSERT INTO `mill` VALUES (1970, 'janker0311', '102x49', '102x49', NULL, 0, 'ltc');
INSERT INTO `mill` VALUES (1971, 'janker0311', '102x85', '102x85', NULL, 0, 'ltc');
INSERT INTO `mill` VALUES (1972, 'janker0311', '102x39', '102x39', NULL, 0, 'ltc');
INSERT INTO `mill` VALUES (1973, 'janker0311', '102x45', '102x45', NULL, 0, 'ltc');
INSERT INTO `mill` VALUES (1974, 'janker0311', '102x32', '102x32', NULL, 0, 'ltc');
INSERT INTO `mill` VALUES (1975, 'janker0311', '102x34', '102x34', NULL, 0, 'ltc');
INSERT INTO `mill` VALUES (1976, 'janker0311', '102x54', '102x54', NULL, 0, 'ltc');
INSERT INTO `mill` VALUES (1977, 'janker0311', '102x25', '102x25', NULL, 0, 'ltc');
INSERT INTO `mill` VALUES (1978, 'janker0311', '102x62', '102x62', NULL, 0, 'ltc');
INSERT INTO `mill` VALUES (1979, 'janker0311', '102x58', '102x58', NULL, 0, 'ltc');
INSERT INTO `mill` VALUES (1980, 'janker0311', '102x63', '102x63', NULL, 0, 'ltc');
INSERT INTO `mill` VALUES (1981, 'janker0311', '102x67', '102x67', NULL, 0, 'ltc');
INSERT INTO `mill` VALUES (1982, 'janker0311', '102x65', '102x65', NULL, 0, 'ltc');
INSERT INTO `mill` VALUES (1983, 'janker0311', '102x93', '102x93', NULL, 0, 'ltc');
INSERT INTO `mill` VALUES (1984, 'janker0311', '102x70', '102x70', NULL, 0, 'ltc');
INSERT INTO `mill` VALUES (1985, 'janker0311', '102x48', '102x48', NULL, 0, 'ltc');
INSERT INTO `mill` VALUES (1986, 'janker0311', '102x55', '102x55', NULL, 0, 'ltc');
INSERT INTO `mill` VALUES (1987, 'janker0311', '102x60', '102x60', NULL, 0, 'ltc');
INSERT INTO `mill` VALUES (1988, 'janker0311', '102x69', '102x69', NULL, 0, 'ltc');
INSERT INTO `mill` VALUES (1989, 'janker0311', '102x31', '102x31', NULL, 0, 'ltc');
INSERT INTO `mill` VALUES (1990, 'janker0311', '102x98', '102x98', NULL, 0, 'ltc');
INSERT INTO `mill` VALUES (1991, 'janker0311', '102x84', '102x84', NULL, 0, 'ltc');
INSERT INTO `mill` VALUES (1992, 'janker0311', '102x33', '102x33', NULL, 0, 'ltc');
INSERT INTO `mill` VALUES (1993, 'janker0311', '102x83', '102x83', NULL, 0, 'ltc');
INSERT INTO `mill` VALUES (1994, 'janker0311', '102x82', '102x82', NULL, 0, 'ltc');
INSERT INTO `mill` VALUES (1995, 'janker0311', '102x74', '102x74', NULL, 0, 'ltc');
INSERT INTO `mill` VALUES (1996, 'janker0311', '102x38', '102x38', NULL, 0, 'ltc');
INSERT INTO `mill` VALUES (1997, 'janker0311', '102x21', '102x21', NULL, 0, 'ltc');
INSERT INTO `mill` VALUES (1998, 'janker0311', '102x78', '102x78', NULL, 0, 'ltc');
INSERT INTO `mill` VALUES (1999, 'janker0311', '102x89', '102x89', NULL, 0, 'ltc');
INSERT INTO `mill` VALUES (2000, 'janker0311', '102x91', '102x91', NULL, 0, 'ltc');
INSERT INTO `mill` VALUES (2001, 'janker0311', '102x73', '102x73', NULL, 0, 'ltc');
INSERT INTO `mill` VALUES (2002, 'janker0311', '102x100', '102x100', NULL, 0, 'ltc');
INSERT INTO `mill` VALUES (2003, 'janker0311', '102x47', '102x47', NULL, 0, 'ltc');
INSERT INTO `mill` VALUES (2004, 'janker0311', '102x61', '102x61', NULL, 0, 'ltc');
INSERT INTO `mill` VALUES (2005, 'janker0311', '102x81', '102x81', NULL, 0, 'ltc');
INSERT INTO `mill` VALUES (2006, 'janker0311', '102x66', '102x66', NULL, 0, 'ltc');
INSERT INTO `mill` VALUES (2007, 'janker0311', '102x41', '102x41', NULL, 0, 'ltc');
INSERT INTO `mill` VALUES (2008, 'janker0311', '102x90', '102x90', NULL, 0, 'ltc');
INSERT INTO `mill` VALUES (2009, 'janker0311', '102x36', '102x36', NULL, 0, 'ltc');
INSERT INTO `mill` VALUES (2010, 'janker0311', '102x77', '102x77', NULL, 0, 'ltc');
INSERT INTO `mill` VALUES (2011, 'janker0311', '102x94', '102x94', NULL, 0, 'ltc');
INSERT INTO `mill` VALUES (2012, 'janker0311', '102x87', '102x87', NULL, 0, 'ltc');
INSERT INTO `mill` VALUES (2013, 'janker0311', '102x24', '102x24', NULL, 0, 'ltc');
INSERT INTO `mill` VALUES (2014, 'janker0311', '102x40', '102x40', NULL, 0, 'ltc');
INSERT INTO `mill` VALUES (2015, 'janker0311', '102x72', '102x72', NULL, 0, 'ltc');
INSERT INTO `mill` VALUES (2016, 'janker0311', '102x79', '102x79', NULL, 0, 'ltc');
INSERT INTO `mill` VALUES (2017, 'janker0311', '102x99', '102x99', NULL, 0, 'ltc');
INSERT INTO `mill` VALUES (2018, 'janker0311', '102x88', '102x88', NULL, 0, 'ltc');
INSERT INTO `mill` VALUES (2019, 'janker0311', '102x56', '102x56', NULL, 0, 'ltc');
INSERT INTO `mill` VALUES (2020, 'janker0311', '102x68', '102x68', NULL, 0, 'ltc');
INSERT INTO `mill` VALUES (2021, 'janker0311', '102x46', '102x46', NULL, 0, 'ltc');
INSERT INTO `mill` VALUES (2022, 'janker0311', '102x76', '102x76', NULL, 0, 'ltc');
INSERT INTO `mill` VALUES (2023, 'janker0311', '102x75', '102x75', NULL, 0, 'ltc');
INSERT INTO `mill` VALUES (2024, 'janker0311', '102x59', '102x59', NULL, 0, 'ltc');
INSERT INTO `mill` VALUES (2025, 'janker0311', '102x51', '102x51', NULL, 0, 'ltc');
INSERT INTO `mill` VALUES (2026, 'janker0311', '102x22', '102x22', NULL, 0, 'ltc');
INSERT INTO `mill` VALUES (2027, 'janker0311', '102x71', '102x71', NULL, 0, 'ltc');
INSERT INTO `mill` VALUES (2028, 'janker0311', '102x23', '102x23', NULL, 0, 'ltc');
INSERT INTO `mill` VALUES (2029, 'janker0311', '102x42', '102x42', NULL, 0, 'ltc');
INSERT INTO `mill` VALUES (2030, 'janker0311', '102x28', '102x28', NULL, 0, 'ltc');
INSERT INTO `mill` VALUES (2031, 'janker0311', '102x80', '102x80', NULL, 0, 'ltc');
INSERT INTO `mill` VALUES (2032, 'janker0311', '102x29', '102x29', NULL, 0, 'ltc');
INSERT INTO `mill` VALUES (2033, 'sunh380', 'ttt', '003', 8, 0, 'ltc');
INSERT INTO `mill` VALUES (2034, 'sunh380', 'rr', '002', 8, 0, 'ltc');
INSERT INTO `mill` VALUES (2035, 'sunh380', 'ff', '009', 9, 0, 'ltc');
INSERT INTO `mill` VALUES (2036, 'sunh380', 'fff', '001', 9, 0, 'ltc');
INSERT INTO `mill` VALUES (2037, 'sunh380', 'ccc', '006', 10, 0, 'ltc');
INSERT INTO `mill` VALUES (2038, 'sunh380', 'bb', '004', 10, 0, 'ltc');
INSERT INTO `mill` VALUES (2039, 'sunh380', 'dx', '005', 8, 0, 'ltc');
INSERT INTO `mill` VALUES (2040, 'sunh380', 'vv', '008', 9, 0, 'ltc');
INSERT INTO `mill` VALUES (2041, 'sysy', '1', '1', NULL, 0, 'ltc');
INSERT INTO `mill` VALUES (2042, 'sysy', '6', '6', NULL, 0, 'ltc');
INSERT INTO `mill` VALUES (2043, 'sysy', '10', '10', NULL, 0, 'ltc');
INSERT INTO `mill` VALUES (2044, 'sysy', '5', '5', NULL, 0, 'ltc');
INSERT INTO `mill` VALUES (2045, 'sysy', '7', '7', NULL, 0, 'ltc');
INSERT INTO `mill` VALUES (2046, 'sysy', '2', '2', NULL, 0, 'ltc');
INSERT INTO `mill` VALUES (2047, 'sysy', '9', '9', NULL, 0, 'ltc');
INSERT INTO `mill` VALUES (2048, 'ceshi', '106x253', '106x253', NULL, 0, 'ltc');
INSERT INTO `mill` VALUES (2049, 'ceshi', '102x253', '102x253', NULL, 0, 'ltc');
INSERT INTO `mill` VALUES (2050, 'ceshi', '102x1153', '102x1153', NULL, 0, 'ltc');
INSERT INTO `mill` VALUES (2051, 'zy14', '11x811', '11x811', NULL, 0, 'ltc');
INSERT INTO `mill` VALUES (2052, 'zhouli', '1x1146', '1x1146', NULL, 0, 'ltc');
INSERT INTO `mill` VALUES (2053, 'Liufeng', '101x1841', '101x1841', NULL, 0, 'ltc');
INSERT INTO `mill` VALUES (2054, 'Liufeng', '101x1184', '101x1184', NULL, 0, 'ltc');
INSERT INTO `mill` VALUES (2055, 'LTC', '119x6', '119x6', NULL, 0, 'ltc');
INSERT INTO `mill` VALUES (2056, 'LTC', '19x201', '19x201', NULL, 0, 'ltc');
INSERT INTO `mill` VALUES (2057, 'sunh380', 'fgdfg', '011', 8, 0, 'ltc');
INSERT INTO `mill` VALUES (2058, 'sunh380', 'fdgh', '228', 9, 0, 'ltc');
INSERT INTO `mill` VALUES (2059, 'sunh380', 'dfgdfg', '10911', 10, 0, 'ltc');
INSERT INTO `mill` VALUES (2060, 'sunh380', 'dgdfgdfhgd', '00911', 10, 0, 'ltc');

-- ----------------------------
-- Table structure for mill_group
-- ----------------------------
DROP TABLE IF EXISTS `mill_group`;
CREATE TABLE `mill_group`  (
  `id` int(11) NOT NULL AUTO_INCREMENT,
  `name` varchar(50) CHARACTER SET utf8 COLLATE utf8_general_ci NULL DEFAULT NULL COMMENT '组名',
  `activate` int(2) NULL DEFAULT 0 COMMENT '是否删除1表示删除,0表示未删除',
  `userId` int(11) NULL DEFAULT NULL,
  PRIMARY KEY (`id`) USING BTREE
) ENGINE = InnoDB AUTO_INCREMENT = 15 CHARACTER SET = utf8 COLLATE = utf8_general_ci ROW_FORMAT = Dynamic;

-- ----------------------------
-- Records of mill_group
-- ----------------------------
INSERT INTO `mill_group` VALUES (1, 'test', 1, 1);
INSERT INTO `mill_group` VALUES (2, 'aaa', 0, 1);
INSERT INTO `mill_group` VALUES (3, 'arr', 1, 2);
INSERT INTO `mill_group` VALUES (4, 'arree', 1, 2);
INSERT INTO `mill_group` VALUES (5, 'drfedfr', 0, 3);
INSERT INTO `mill_group` VALUES (6, 'asdf', 0, 3);
INSERT INTO `mill_group` VALUES (8, 'ACC', 0, 73);
INSERT INTO `mill_group` VALUES (9, 'CCB', 0, 73);
INSERT INTO `mill_group` VALUES (10, 'DDC', 0, 73);
INSERT INTO `mill_group` VALUES (11, '555', 0, 73);

-- ----------------------------
-- Table structure for sale_account
-- ----------------------------
DROP TABLE IF EXISTS `sale_account`;
CREATE TABLE `sale_account`  (
  `id` int(11) NOT NULL AUTO_INCREMENT,
  `user_id` int(11) NULL DEFAULT NULL,
  `name` varchar(240) CHARACTER SET latin1 COLLATE latin1_swedish_ci NULL DEFAULT NULL,
  `password` varchar(240) CHARACTER SET latin1 COLLATE latin1_swedish_ci NULL DEFAULT NULL,
  `created_at` datetime(0) NULL DEFAULT NULL,
  `updated_at` datetime(0) NULL DEFAULT NULL,
  `deleted_at` datetime(0) NULL DEFAULT NULL,
  PRIMARY KEY (`id`) USING BTREE
) ENGINE = InnoDB AUTO_INCREMENT = 32 CHARACTER SET = latin1 COLLATE = latin1_swedish_ci ROW_FORMAT = Dynamic;

-- ----------------------------
-- Records of sale_account
-- ----------------------------
INSERT INTO `sale_account` VALUES (7, 1, '444', '3334', '2019-04-15 18:30:22', '2019-05-06 09:35:39', NULL);
INSERT INTO `sale_account` VALUES (8, 11, 'zhouli44', '333', '2019-04-18 19:41:38', NULL, NULL);
INSERT INTO `sale_account` VALUES (9, 2, 'zhmi0909', '3333', '2019-04-10 19:42:00', NULL, NULL);
INSERT INTO `sale_account` VALUES (10, 1, 'zhangfan', '3334', '2019-04-15 20:06:38', NULL, NULL);
INSERT INTO `sale_account` VALUES (11, 2, 'xupeng', '222', '2019-04-15 20:06:38', NULL, NULL);
INSERT INTO `sale_account` VALUES (18, 3, 'wuxiang', NULL, NULL, NULL, NULL);
INSERT INTO `sale_account` VALUES (19, 4, 'wangwei931002', NULL, NULL, NULL, NULL);
INSERT INTO `sale_account` VALUES (20, 5, 'xupeng', NULL, NULL, NULL, NULL);
INSERT INTO `sale_account` VALUES (21, 1, 'wangman111', NULL, NULL, NULL, NULL);
INSERT INTO `sale_account` VALUES (22, 2, 'Liufeng', NULL, NULL, NULL, NULL);
INSERT INTO `sale_account` VALUES (23, 5, 'sysy', NULL, NULL, NULL, NULL);
INSERT INTO `sale_account` VALUES (24, 8, 'sunh380', NULL, NULL, NULL, NULL);
INSERT INTO `sale_account` VALUES (25, 49, 'bmz8', NULL, NULL, NULL, NULL);
INSERT INTO `sale_account` VALUES (26, 50, 'zhouli', NULL, NULL, NULL, NULL);
INSERT INTO `sale_account` VALUES (27, 44, 'wuxiang1111', NULL, NULL, NULL, NULL);
INSERT INTO `sale_account` VALUES (28, 4, 'rrr', NULL, NULL, NULL, NULL);
INSERT INTO `sale_account` VALUES (29, 73, 'wangman850', NULL, NULL, NULL, NULL);
INSERT INTO `sale_account` VALUES (30, 55, 'LTC', '', NULL, NULL, NULL);
INSERT INTO `sale_account` VALUES (31, 111, 'test111', 'test', '2019-05-06 09:28:54', NULL, NULL);

-- ----------------------------
-- Table structure for sale_address
-- ----------------------------
DROP TABLE IF EXISTS `sale_address`;
CREATE TABLE `sale_address`  (
  `id` int(11) NOT NULL AUTO_INCREMENT,
  `account_id` int(11) NULL DEFAULT NULL,
  `currency` varchar(15) CHARACTER SET latin1 COLLATE latin1_swedish_ci NULL DEFAULT NULL,
  `coin_address` varchar(765) CHARACTER SET latin1 COLLATE latin1_swedish_ci NULL DEFAULT NULL,
  `created_at` datetime(0) NULL DEFAULT NULL,
  `updated_at` datetime(0) NULL DEFAULT NULL,
  `deleted_at` datetime(0) NULL DEFAULT NULL,
  `settle_share` varchar(255) CHARACTER SET latin1 COLLATE latin1_swedish_ci NULL DEFAULT NULL COMMENT '结算比例,默认100%',
  `isAccount` tinyint(1) NULL DEFAULT NULL COMMENT '是否是匿名挖矿',
  PRIMARY KEY (`id`) USING BTREE
) ENGINE = InnoDB AUTO_INCREMENT = 31 CHARACTER SET = latin1 COLLATE = latin1_swedish_ci ROW_FORMAT = Dynamic;

-- ----------------------------
-- Records of sale_address
-- ----------------------------
INSERT INTO `sale_address` VALUES (1, 7, 'ltc', 'M8vZpPrtSKhBumWSnKK4i98Pb3ZrUxyDfw', '2019-04-11 20:32:41', NULL, '2019-05-06 10:43:07', '1', 1);
INSERT INTO `sale_address` VALUES (2, 7, 'btc', 'LXQGqBuizf9mgqwyWo816CqVT185fg1qSz', '2019-04-12 20:32:54', NULL, '2019-04-16 17:33:28', '1', 0);
INSERT INTO `sale_address` VALUES (15, 8, 'ltc', 'M8vZpPrtSKhBumWSnKK4i98Pb3ZrUxyDfw', NULL, NULL, NULL, '1', NULL);
INSERT INTO `sale_address` VALUES (16, 8, 'btc', 'M8vZpPrtSKhBumWSnKK4i98Pb3ZrUxyDfw', NULL, NULL, NULL, '1', NULL);
INSERT INTO `sale_address` VALUES (17, 20, 'ltc', 'M8vZpPrtSKhBumWSnKK4i98Pb3ZrUxyDfw', NULL, NULL, NULL, '1', NULL);
INSERT INTO `sale_address` VALUES (18, 21, 'ltc', '3AFD84acmUdWF9nkd3bKi8ZBKiLekhy2Ve', NULL, NULL, NULL, '1', NULL);
INSERT INTO `sale_address` VALUES (19, 8, 'ltc', '3QFoToLZ383V228ZjX2YTdrFnc7NzHs8PV', NULL, NULL, NULL, '1', NULL);
INSERT INTO `sale_address` VALUES (20, 23, 'ltc', '3AFD84acmUdWF9nkd3bKi8ZBKiLekhy2Ve', NULL, NULL, NULL, '1', NULL);
INSERT INTO `sale_address` VALUES (21, 10, 'ltc', 'LUWHevMXmygtsiCxe9xo9jaSGVhyT8251n', NULL, NULL, NULL, '1', NULL);
INSERT INTO `sale_address` VALUES (22, 9, 'ltc', 'LR66pDXqHuqK25WMukR3zezYdnEpY1iMxv', NULL, NULL, NULL, '1', NULL);
INSERT INTO `sale_address` VALUES (23, 24, 'ltc', 'LUL81z9igjkwJmGBCGQiGGuY6sAodyDS5u', NULL, NULL, NULL, '1', NULL);
INSERT INTO `sale_address` VALUES (25, 50, 'ltc', 'LUWHevMXmygtsiCxe9xo9jaSGVhyT8251n', NULL, NULL, NULL, '1', NULL);
INSERT INTO `sale_address` VALUES (26, 26, 'ltc', '3AFD84acmUdWF9nkd3bKi8ZBKiLekhy2Ve', NULL, NULL, NULL, '1', NULL);
INSERT INTO `sale_address` VALUES (27, 27, 'ltc', 'LUL81z9igjkwJmGBCGQiGGuY6sAodyDS5u', NULL, NULL, NULL, '1', NULL);
INSERT INTO `sale_address` VALUES (28, 29, 'ltc', '3AFD84acmUdWF9nkd3bKi8ZBKiLekhy2Ve', NULL, NULL, NULL, '1', NULL);
INSERT INTO `sale_address` VALUES (29, 30, 'ltc', 'LSCDYttk1o34LJAkwXEwqYKb1vYV3qHRfK', NULL, NULL, NULL, '1', NULL);
INSERT INTO `sale_address` VALUES (30, 7, 'eth', '4534535', '2019-05-06 09:55:34', '2019-05-06 10:24:42', NULL, '1', NULL);

-- ----------------------------
-- Table structure for t_loginhistroy
-- ----------------------------
DROP TABLE IF EXISTS `t_loginhistroy`;
CREATE TABLE `t_loginhistroy`  (
  `id` int(11) NOT NULL AUTO_INCREMENT,
  `user_id` int(11) NOT NULL,
  `login_ip` varchar(255) CHARACTER SET utf8 COLLATE utf8_general_ci NOT NULL COMMENT '登录IP',
  `login_place` varchar(255) CHARACTER SET utf8 COLLATE utf8_general_ci NULL DEFAULT NULL COMMENT '登录位置',
  `login_facility` varchar(255) CHARACTER SET utf8 COLLATE utf8_general_ci NULL DEFAULT NULL COMMENT '登录设备',
  `login_time` datetime(0) NULL DEFAULT NULL COMMENT '登录时间',
  PRIMARY KEY (`id`) USING BTREE
) ENGINE = InnoDB AUTO_INCREMENT = 56 CHARACTER SET = utf8 COLLATE = utf8_general_ci ROW_FORMAT = Dynamic;

-- ----------------------------
-- Records of t_loginhistroy
-- ----------------------------
INSERT INTO `t_loginhistroy` VALUES (1, 1, '1', '1', '1', '2019-04-10 15:15:00');
INSERT INTO `t_loginhistroy` VALUES (2, 1, '2', '1', '1', '0000-00-00 00:00:00');
INSERT INTO `t_loginhistroy` VALUES (3, 1, '3', '1', '1', '2019-04-10 15:15:00');
INSERT INTO `t_loginhistroy` VALUES (4, 1, '4', '1', '1', '2019-04-10 15:15:00');
INSERT INTO `t_loginhistroy` VALUES (5, 1, '5', '1', '1', '2019-04-10 15:15:00');
INSERT INTO `t_loginhistroy` VALUES (6, 1, '6', '1', '1', '2019-04-10 15:15:00');
INSERT INTO `t_loginhistroy` VALUES (7, 1, '7', '1', '1', '2019-04-10 15:15:00');
INSERT INTO `t_loginhistroy` VALUES (8, 1, '8', '1', '1', '2019-04-10 15:15:00');
INSERT INTO `t_loginhistroy` VALUES (9, 2, '2', '2', '2', '2019-04-10 15:18:00');
INSERT INTO `t_loginhistroy` VALUES (10, 183, '192.168.0.131', 'wuhan', '电脑', '2019-05-13 15:13:00');
INSERT INTO `t_loginhistroy` VALUES (11, 188, '192.168.0.122', '武汉', '', '2019-05-13 18:13:00');
INSERT INTO `t_loginhistroy` VALUES (12, 183, '192.168.0.131', '武汉', 'UnKnown, More-Info: PostmanRuntime/7.11.0 --- UnKnown, More-Info: PostmanRuntime/7.11.0', '2019-05-13 18:38:00');
INSERT INTO `t_loginhistroy` VALUES (13, 183, '192.168.0.131', '武汉', 'UnKnown, More-Info: PostmanRuntime/7.11.0 --- UnKnown, More-Info: PostmanRuntime/7.11.0', '2019-05-13 19:01:00');
INSERT INTO `t_loginhistroy` VALUES (14, 183, '192.168.0.131', '武汉', 'UnKnown, More-Info: PostmanRuntime/7.11.0 --- UnKnown, More-Info: PostmanRuntime/7.11.0', '2019-05-14 09:54:00');
INSERT INTO `t_loginhistroy` VALUES (15, 188, '192.168.0.122', '武汉', 'UnKnown, More-Info: Java/1.8.0_144 --- UnKnown, More-Info: Java/1.8.0_144', '2019-05-14 09:55:00');
INSERT INTO `t_loginhistroy` VALUES (16, 183, '192.168.0.131', '武汉', 'UnKnown, More-Info: PostmanRuntime/7.11.0 --- UnKnown, More-Info: PostmanRuntime/7.11.0', '2019-05-14 10:00:00');
INSERT INTO `t_loginhistroy` VALUES (17, 188, '192.168.0.122', '武汉', 'UnKnown, More-Info: Java/1.8.0_144 --- UnKnown, More-Info: Java/1.8.0_144', '2019-05-14 10:01:00');
INSERT INTO `t_loginhistroy` VALUES (18, 183, '192.168.0.131', '武汉', 'UnKnown, More-Info: PostmanRuntime/7.11.0 --- UnKnown, More-Info: PostmanRuntime/7.11.0', '2019-05-14 10:02:00');
INSERT INTO `t_loginhistroy` VALUES (19, 188, '192.168.0.122', '武汉', 'UnKnown, More-Info: Java/1.8.0_144 --- UnKnown, More-Info: Java/1.8.0_144', '2019-05-14 10:04:00');
INSERT INTO `t_loginhistroy` VALUES (20, 188, '192.168.0.122', '武汉', 'UnKnown, More-Info: Java/1.8.0_144 --- UnKnown, More-Info: Java/1.8.0_144', '2019-05-14 10:04:00');
INSERT INTO `t_loginhistroy` VALUES (21, 188, '192.168.0.122', '武汉', 'UnKnown, More-Info: Java/1.8.0_144 --- UnKnown, More-Info: Java/1.8.0_144', '2019-05-14 10:06:00');
INSERT INTO `t_loginhistroy` VALUES (22, 188, '192.168.0.122', '武汉', 'UnKnown, More-Info: Java/1.8.0_144 --- UnKnown, More-Info: Java/1.8.0_144', '2019-05-14 10:07:00');
INSERT INTO `t_loginhistroy` VALUES (23, 188, '192.168.0.122', '武汉', 'UnKnown, More-Info: Java/1.8.0_144 --- UnKnown, More-Info: Java/1.8.0_144', '2019-05-14 10:09:00');
INSERT INTO `t_loginhistroy` VALUES (24, 188, '192.168.0.122', '武汉', 'UnKnown, More-Info: Java/1.8.0_144 --- UnKnown, More-Info: Java/1.8.0_144', '2019-05-14 10:09:00');
INSERT INTO `t_loginhistroy` VALUES (25, 188, '192.168.0.122', '武汉', 'UnKnown, More-Info: Java/1.8.0_144 --- UnKnown, More-Info: Java/1.8.0_144', '2019-05-14 10:10:00');
INSERT INTO `t_loginhistroy` VALUES (26, 188, '192.168.0.122', '武汉', 'UnKnown, More-Info: Java/1.8.0_144 --- UnKnown, More-Info: Java/1.8.0_144', '2019-05-14 10:14:00');
INSERT INTO `t_loginhistroy` VALUES (27, 188, '192.168.0.122', '武汉', 'UnKnown, More-Info: Java/1.8.0_144 --- UnKnown, More-Info: Java/1.8.0_144', '2019-05-14 10:18:00');
INSERT INTO `t_loginhistroy` VALUES (28, 188, '192.168.0.122', '武汉', 'UnKnown, More-Info: Java/1.8.0_144 --- UnKnown, More-Info: Java/1.8.0_144', '2019-05-14 10:19:00');
INSERT INTO `t_loginhistroy` VALUES (29, 188, '192.168.0.122', '武汉', 'UnKnown, More-Info: Java/1.8.0_144 --- UnKnown, More-Info: Java/1.8.0_144', '2019-05-14 10:19:00');
INSERT INTO `t_loginhistroy` VALUES (30, 188, '192.168.0.122', '武汉', 'UnKnown, More-Info: Java/1.8.0_144 --- UnKnown, More-Info: Java/1.8.0_144', '2019-05-14 10:21:00');
INSERT INTO `t_loginhistroy` VALUES (31, 188, '192.168.0.122', '武汉', 'UnKnown, More-Info: Java/1.8.0_144 --- UnKnown, More-Info: Java/1.8.0_144', '2019-05-14 10:22:00');
INSERT INTO `t_loginhistroy` VALUES (32, 188, '192.168.0.122', '武汉', 'UnKnown, More-Info: Java/1.8.0_144 --- UnKnown, More-Info: Java/1.8.0_144', '2019-05-14 10:49:00');
INSERT INTO `t_loginhistroy` VALUES (33, 183, '192.168.0.131', '武汉', 'UnKnown, More-Info: PostmanRuntime/7.11.0 --- UnKnown, More-Info: PostmanRuntime/7.11.0', '2019-05-14 11:12:00');
INSERT INTO `t_loginhistroy` VALUES (34, 183, '192.168.0.131', '武汉', 'UnKnown, More-Info: PostmanRuntime/7.11.0 --- UnKnown, More-Info: PostmanRuntime/7.11.0', '2019-05-14 11:12:00');
INSERT INTO `t_loginhistroy` VALUES (35, 183, '192.168.0.122', '武汉', 'UnKnown, More-Info: Java/1.8.0_144 --- UnKnown, More-Info: Java/1.8.0_144', '2019-05-14 11:13:00');
INSERT INTO `t_loginhistroy` VALUES (36, 183, '192.168.0.122', '武汉', 'UnKnown, More-Info: Java/1.8.0_144 --- UnKnown, More-Info: Java/1.8.0_144', '2019-05-14 11:35:00');
INSERT INTO `t_loginhistroy` VALUES (37, 183, '192.168.0.122', '武汉', 'UnKnown, More-Info: Java/1.8.0_144 --- UnKnown, More-Info: Java/1.8.0_144', '2019-05-14 11:35:00');
INSERT INTO `t_loginhistroy` VALUES (38, 183, '192.168.0.122', '武汉', 'UnKnown, More-Info: Java/1.8.0_144 --- UnKnown, More-Info: Java/1.8.0_144', '2019-05-14 11:37:00');
INSERT INTO `t_loginhistroy` VALUES (39, 183, '192.168.0.122', '武汉', 'UnKnown, More-Info: Java/1.8.0_144 --- UnKnown, More-Info: Java/1.8.0_144', '2019-05-14 11:46:00');
INSERT INTO `t_loginhistroy` VALUES (40, 183, '192.168.0.122', '武汉', 'UnKnown, More-Info: Java/1.8.0_144 --- UnKnown, More-Info: Java/1.8.0_144', '2019-05-14 11:47:00');
INSERT INTO `t_loginhistroy` VALUES (41, 183, '192.168.0.44', '武汉', 'UnKnown, More-Info: Java/1.8.0_161 --- UnKnown, More-Info: Java/1.8.0_161', '2019-05-14 12:18:00');
INSERT INTO `t_loginhistroy` VALUES (42, 183, '192.168.0.44', '武汉', 'UnKnown, More-Info: Java/1.8.0_161 --- UnKnown, More-Info: Java/1.8.0_161', '2019-05-14 12:18:00');
INSERT INTO `t_loginhistroy` VALUES (43, 183, '192.168.0.44', '武汉', 'UnKnown, More-Info: Java/1.8.0_161 --- UnKnown, More-Info: Java/1.8.0_161', '2019-05-14 12:19:00');
INSERT INTO `t_loginhistroy` VALUES (44, 190, '192.168.0.131', '武汉', 'UnKnown, More-Info: PostmanRuntime/7.11.0 --- UnKnown, More-Info: PostmanRuntime/7.11.0', '2019-05-14 12:23:00');
INSERT INTO `t_loginhistroy` VALUES (45, 192, '192.168.0.44', '武汉', 'UnKnown, More-Info: PostmanRuntime/7.11.0 --- UnKnown, More-Info: PostmanRuntime/7.11.0', '2019-05-14 13:54:00');
INSERT INTO `t_loginhistroy` VALUES (46, 190, '192.168.0.131', '武汉', 'UnKnown, More-Info: PostmanRuntime/7.11.0 --- UnKnown, More-Info: PostmanRuntime/7.11.0', '2019-05-14 14:35:00');
INSERT INTO `t_loginhistroy` VALUES (47, 190, '192.168.0.131', '武汉', 'UnKnown, More-Info: PostmanRuntime/7.11.0 --- UnKnown, More-Info: PostmanRuntime/7.11.0', '2019-05-14 14:36:00');
INSERT INTO `t_loginhistroy` VALUES (48, 190, '192.168.0.131', '武汉', 'UnKnown, More-Info: PostmanRuntime/7.11.0 --- UnKnown, More-Info: PostmanRuntime/7.11.0', '2019-05-14 14:47:00');
INSERT INTO `t_loginhistroy` VALUES (49, 183, '192.168.0.131', '武汉', 'UnKnown, More-Info: PostmanRuntime/7.11.0 --- UnKnown, More-Info: PostmanRuntime/7.11.0', '2019-05-14 14:49:00');
INSERT INTO `t_loginhistroy` VALUES (50, 190, '192.168.0.131', '武汉', 'UnKnown, More-Info: PostmanRuntime/7.11.0 --- UnKnown, More-Info: PostmanRuntime/7.11.0', '2019-05-14 14:50:00');
INSERT INTO `t_loginhistroy` VALUES (51, 183, '192.168.0.131', '武汉', 'UnKnown, More-Info: PostmanRuntime/7.11.0 --- UnKnown, More-Info: PostmanRuntime/7.11.0', '2019-05-14 14:55:00');
INSERT INTO `t_loginhistroy` VALUES (52, 192, '192.168.0.131', '武汉', 'UnKnown, More-Info: PostmanRuntime/7.11.0 --- UnKnown, More-Info: PostmanRuntime/7.11.0', '2019-05-14 14:59:00');
INSERT INTO `t_loginhistroy` VALUES (53, 192, '192.168.0.44', '武汉', 'UnKnown, More-Info: PostmanRuntime/7.11.0 --- UnKnown, More-Info: PostmanRuntime/7.11.0', '2019-05-14 18:47:00');
INSERT INTO `t_loginhistroy` VALUES (54, 192, '192.168.0.44', '武汉', 'UnKnown, More-Info: PostmanRuntime/7.11.0 --- UnKnown, More-Info: PostmanRuntime/7.11.0', '2019-05-14 19:33:00');
INSERT INTO `t_loginhistroy` VALUES (55, 192, '192.168.0.44', '武汉', 'UnKnown, More-Info: PostmanRuntime/7.11.0 --- UnKnown, More-Info: PostmanRuntime/7.11.0', '2019-05-15 09:37:00');

-- ----------------------------
-- Table structure for t_role
-- ----------------------------
DROP TABLE IF EXISTS `t_role`;
CREATE TABLE `t_role`  (
  `roleid` int(255) NOT NULL AUTO_INCREMENT,
  `rolename` varchar(255) CHARACTER SET utf8 COLLATE utf8_general_ci NULL DEFAULT NULL,
  `createtime` datetime(0) NULL DEFAULT NULL,
  `updatetime` datetime(0) NULL DEFAULT NULL,
  `roleremark` varchar(255) CHARACTER SET utf8 COLLATE utf8_general_ci NULL DEFAULT NULL,
  PRIMARY KEY (`roleid`) USING BTREE
) ENGINE = InnoDB AUTO_INCREMENT = 192 CHARACTER SET = utf8 COLLATE = utf8_general_ci ROW_FORMAT = Compact;

-- ----------------------------
-- Records of t_role
-- ----------------------------
INSERT INTO `t_role` VALUES (74, 'None', '2018-06-26 16:58:31', '2018-06-26 17:27:56', '普通用户');
INSERT INTO `t_role` VALUES (75, 'None', '2018-07-24 21:16:26', NULL, '查询数据');
INSERT INTO `t_role` VALUES (76, 'None', '2018-07-26 13:53:04', NULL, '查询数据');
INSERT INTO `t_role` VALUES (77, 'None', '2018-07-26 14:18:20', NULL, '查询数据');
INSERT INTO `t_role` VALUES (78, 'None', '2018-08-01 22:19:27', NULL, '查询数据');
INSERT INTO `t_role` VALUES (116, 'None', '2018-10-08 10:59:22', NULL, '查询数据');
INSERT INTO `t_role` VALUES (117, 'None', '2018-10-08 11:01:10', NULL, '查询数据');
INSERT INTO `t_role` VALUES (118, 'None', '2018-10-08 11:05:02', NULL, '查询数据');
INSERT INTO `t_role` VALUES (121, 'None', '2018-10-08 11:57:16', NULL, '查询数据');
INSERT INTO `t_role` VALUES (124, 'ADMIN', '2018-10-10 16:01:16', NULL, '查询数据');
INSERT INTO `t_role` VALUES (130, 'None', '2018-10-13 13:38:12', NULL, '查询数据');
INSERT INTO `t_role` VALUES (146, 'None', '2018-10-23 17:29:13', NULL, '查询数据');
INSERT INTO `t_role` VALUES (147, 'None', '2018-10-24 10:27:41', NULL, '查询数据');
INSERT INTO `t_role` VALUES (148, 'None', '2018-10-24 10:34:35', NULL, '查询数据');
INSERT INTO `t_role` VALUES (149, 'None', '2018-10-25 15:51:00', NULL, '查询数据');
INSERT INTO `t_role` VALUES (150, 'None', '2018-10-29 10:36:07', NULL, '查询数据');
INSERT INTO `t_role` VALUES (151, 'None', '2018-10-29 15:46:37', NULL, '查询数据');
INSERT INTO `t_role` VALUES (152, 'None', '2018-11-05 17:13:02', NULL, '查询数据');
INSERT INTO `t_role` VALUES (153, 'None', '2018-11-05 17:14:56', NULL, '查询数据');
INSERT INTO `t_role` VALUES (154, 'None', '2018-11-05 21:28:17', NULL, '查询数据');
INSERT INTO `t_role` VALUES (155, 'None', '2018-11-10 14:18:38', NULL, '查询数据');
INSERT INTO `t_role` VALUES (156, 'None', '2018-11-12 16:37:54', NULL, '查询数据');
INSERT INTO `t_role` VALUES (157, 'None', '2018-11-12 16:41:42', NULL, '查询数据');
INSERT INTO `t_role` VALUES (158, 'None', '2018-11-19 13:06:11', NULL, '查询数据');
INSERT INTO `t_role` VALUES (159, 'None', '2018-11-21 11:51:49', NULL, '查询数据');
INSERT INTO `t_role` VALUES (160, 'None', '2018-11-21 12:01:01', NULL, '查询数据');
INSERT INTO `t_role` VALUES (161, 'None', '2018-11-21 13:03:19', NULL, '查询数据');
INSERT INTO `t_role` VALUES (162, 'None', '2018-11-21 15:18:12', NULL, '查询数据');
INSERT INTO `t_role` VALUES (163, 'None', '2018-11-21 16:11:30', NULL, '查询数据');
INSERT INTO `t_role` VALUES (164, 'None', '2018-11-21 16:17:11', NULL, '查询数据');
INSERT INTO `t_role` VALUES (166, 'None', '2018-11-24 16:53:25', NULL, '查询数据');
INSERT INTO `t_role` VALUES (167, 'None', '2018-11-30 13:48:56', NULL, '查询数据');
INSERT INTO `t_role` VALUES (170, 'None', '2018-11-30 14:08:31', NULL, '查询数据');
INSERT INTO `t_role` VALUES (171, 'None', '2018-11-30 14:30:46', NULL, '查询数据');
INSERT INTO `t_role` VALUES (172, 'None', '2018-12-06 15:18:04', NULL, '查询数据');
INSERT INTO `t_role` VALUES (173, 'None', '2018-12-06 15:28:49', NULL, '查询数据');
INSERT INTO `t_role` VALUES (174, 'None', '2018-12-06 15:30:55', NULL, '查询数据');
INSERT INTO `t_role` VALUES (175, 'None', '2018-12-06 15:35:21', NULL, '查询数据');
INSERT INTO `t_role` VALUES (176, 'None', '2018-12-06 15:38:07', NULL, '查询数据');
INSERT INTO `t_role` VALUES (177, 'None', '2018-12-18 11:30:21', NULL, '查询数据');
INSERT INTO `t_role` VALUES (178, 'None', '2018-06-26 09:28:20', NULL, '管理员');
INSERT INTO `t_role` VALUES (179, 'None', '2019-05-13 01:39:19', NULL, '查询数据');
INSERT INTO `t_role` VALUES (180, 'None', '2019-05-13 01:41:44', NULL, '查询数据');
INSERT INTO `t_role` VALUES (181, 'None', '2019-05-13 01:46:33', NULL, '查询数据');
INSERT INTO `t_role` VALUES (182, 'None', '2019-05-13 01:46:54', NULL, '查询数据');
INSERT INTO `t_role` VALUES (183, 'None', '2019-05-13 01:47:34', NULL, '查询数据');
INSERT INTO `t_role` VALUES (187, 'None', '2019-05-13 17:54:37', NULL, '查询数据');
INSERT INTO `t_role` VALUES (188, 'None', '2019-05-13 18:18:58', NULL, '查询数据');
INSERT INTO `t_role` VALUES (189, 'None', '2019-05-14 10:10:24', NULL, '查询数据');
INSERT INTO `t_role` VALUES (190, 'None', '2019-05-14 10:50:56', NULL, '查询数据');
INSERT INTO `t_role` VALUES (191, 'None', '2019-05-14 13:23:03', NULL, '查询数据');

-- ----------------------------
-- Table structure for t_user
-- ----------------------------
DROP TABLE IF EXISTS `t_user`;
CREATE TABLE `t_user`  (
  `userid` int(255) NOT NULL AUTO_INCREMENT,
  `roleid` int(255) NULL DEFAULT NULL,
  `mobile` varchar(255) CHARACTER SET utf8 COLLATE utf8_general_ci NULL DEFAULT NULL,
  `pwd` varchar(255) CHARACTER SET utf8 COLLATE utf8_general_ci NULL DEFAULT NULL,
  `code` varchar(255) CHARACTER SET utf8 COLLATE utf8_general_ci NULL DEFAULT NULL,
  `codesenttime` datetime(0) NULL DEFAULT NULL,
  `enableflag` varchar(255) CHARACTER SET utf8 COLLATE utf8_general_ci NULL DEFAULT NULL,
  `nick` varchar(255) CHARACTER SET utf8 COLLATE utf8_general_ci NULL DEFAULT NULL,
  `qq` varchar(255) CHARACTER SET utf8 COLLATE utf8_general_ci NULL DEFAULT NULL,
  `head` varchar(255) CHARACTER SET utf8 COLLATE utf8_general_ci NULL DEFAULT NULL,
  `name` varchar(255) CHARACTER SET utf8 COLLATE utf8_general_ci NULL DEFAULT NULL,
  `sex` varchar(255) CHARACTER SET utf8 COLLATE utf8_general_ci NULL DEFAULT NULL,
  `email` varchar(255) CHARACTER SET utf8 COLLATE utf8_general_ci NULL DEFAULT NULL,
  `company` varchar(255) CHARACTER SET utf8 COLLATE utf8_general_ci NULL DEFAULT NULL,
  `job` varchar(255) CHARACTER SET utf8 COLLATE utf8_general_ci NULL DEFAULT NULL,
  `intro` varchar(255) CHARACTER SET utf8 COLLATE utf8_general_ci NULL DEFAULT NULL,
  `qrcode` varchar(255) CHARACTER SET utf8 COLLATE utf8_general_ci NULL DEFAULT NULL,
  `street` varchar(255) CHARACTER SET utf8 COLLATE utf8_general_ci NULL DEFAULT NULL COMMENT '邮寄地址',
  `createtime` datetime(0) NULL DEFAULT NULL,
  `logintime` datetime(0) NULL DEFAULT NULL,
  `wxopenid` varchar(255) CHARACTER SET utf8 COLLATE utf8_general_ci NULL DEFAULT NULL,
  `wxhead` varchar(255) CHARACTER SET utf8 COLLATE utf8_general_ci NULL DEFAULT NULL,
  `wxnick` varchar(255) CHARACTER SET utf8 COLLATE utf8_general_ci NULL DEFAULT NULL,
  `dealerflag` varchar(255) CHARACTER SET utf8 COLLATE utf8_general_ci NULL DEFAULT NULL,
  `trynum` int(255) NULL DEFAULT NULL,
  `IP` varchar(255) CHARACTER SET utf8 COLLATE utf8_general_ci NULL DEFAULT NULL COMMENT '最近登录的IP',
  `state` int(11) NULL DEFAULT NULL,
  `is_app` int(255) NULL DEFAULT NULL,
  PRIMARY KEY (`userid`) USING BTREE,
  INDEX `roleid`(`roleid`) USING BTREE,
  CONSTRAINT `t_user_ibfk_1` FOREIGN KEY (`roleid`) REFERENCES `t_role` (`roleid`) ON DELETE RESTRICT ON UPDATE RESTRICT
) ENGINE = InnoDB AUTO_INCREMENT = 193 CHARACTER SET = utf8 COLLATE = utf8_general_ci ROW_FORMAT = Compact;

-- ----------------------------
-- Records of t_user
-- ----------------------------
INSERT INTO `t_user` VALUES (70, 0, '18327646600', '67b420610735da180723c0d402512831', NULL, NULL, NULL, NULL, '', NULL, 'hjx', NULL, '18327646670@163.com', NULL, NULL, NULL, NULL, NULL, '2018-06-26 09:43:11', NULL, NULL, NULL, NULL, NULL, NULL, NULL, 1, 1);
INSERT INTO `t_user` VALUES (73, 74, '18327646671', 'edb52d19e6ea6d59b910ccfc0718deda', NULL, NULL, NULL, NULL, NULL, NULL, '骑着蜗牛狂奔打call', NULL, 'userText@163.com', NULL, NULL, NULL, NULL, NULL, '2018-06-26 16:58:31', NULL, NULL, NULL, NULL, NULL, NULL, NULL, 1, NULL);
INSERT INTO `t_user` VALUES (74, 75, '18567788765', 'dc8856090cb910666ea727f70508b551', NULL, NULL, NULL, NULL, NULL, NULL, 'jex', NULL, 'jex@qq.com', NULL, NULL, NULL, NULL, NULL, '2018-07-24 21:16:26', NULL, NULL, NULL, NULL, NULL, NULL, NULL, 1, NULL);
INSERT INTO `t_user` VALUES (77, 78, '18327646666', 'd8cac5c379a474e296076aa6c9884692', NULL, NULL, NULL, NULL, NULL, NULL, 'Huangjiaxu', NULL, '1826863272@qq.com', NULL, NULL, NULL, NULL, NULL, '2018-08-01 22:19:27', NULL, NULL, NULL, NULL, NULL, NULL, NULL, 1, NULL);
INSERT INTO `t_user` VALUES (132, 121, '18327647777', '53e4ff6634889c04a229a214f56cc591', NULL, NULL, NULL, NULL, NULL, NULL, 'jumper_facker', NULL, '123@163.com', NULL, NULL, NULL, NULL, NULL, '2018-10-08 11:57:16', NULL, NULL, NULL, NULL, NULL, NULL, NULL, 1, 0);
INSERT INTO `t_user` VALUES (135, 124, NULL, '74368bf9253d1281d720081c1439e237', NULL, NULL, NULL, NULL, NULL, NULL, 'Admin', NULL, 'admin@xnpool.com', NULL, NULL, NULL, NULL, NULL, '2018-10-10 16:01:16', NULL, NULL, NULL, NULL, NULL, NULL, NULL, 1, 1);
INSERT INTO `t_user` VALUES (140, 130, '15872950834', '5b0011f4f13df6c54e8efdfe1e0875e4', NULL, NULL, NULL, NULL, NULL, NULL, 'Monering', NULL, '1049935747@qq.com', NULL, NULL, NULL, NULL, NULL, NULL, NULL, NULL, NULL, NULL, NULL, NULL, NULL, NULL, 1);
INSERT INTO `t_user` VALUES (159, 149, '18327648888', NULL, NULL, NULL, NULL, NULL, NULL, NULL, 'banban', NULL, 'banban456@163.com', NULL, NULL, NULL, NULL, NULL, '2018-10-25 15:51:00', NULL, NULL, NULL, NULL, NULL, NULL, NULL, 1, 0);
INSERT INTO `t_user` VALUES (160, 150, '15572655584', NULL, NULL, NULL, NULL, NULL, NULL, NULL, 'jumper_db', NULL, 'jumperdb@163.com', NULL, NULL, NULL, NULL, NULL, '2018-10-29 10:36:07', NULL, NULL, NULL, NULL, NULL, NULL, NULL, 1, 0);
INSERT INTO `t_user` VALUES (161, 151, NULL, NULL, NULL, NULL, NULL, NULL, NULL, NULL, 'gogs', NULL, 'huangjiaxu@163.com', NULL, NULL, NULL, NULL, NULL, '2018-10-29 15:46:37', NULL, NULL, NULL, NULL, NULL, NULL, NULL, 1, 1);
INSERT INTO `t_user` VALUES (162, 152, '18627794443', NULL, NULL, NULL, NULL, NULL, NULL, NULL, 'liunian8', NULL, '120730835@qq.com', NULL, NULL, NULL, NULL, NULL, '2018-11-05 17:13:02', NULL, NULL, NULL, NULL, NULL, NULL, NULL, 1, 0);
INSERT INTO `t_user` VALUES (163, 153, '17764197483', NULL, NULL, NULL, NULL, NULL, NULL, NULL, '饭团', NULL, 'xnpool@126.com', NULL, NULL, NULL, NULL, NULL, '2018-11-05 17:14:56', NULL, NULL, NULL, NULL, NULL, NULL, NULL, 1, 1);
INSERT INTO `t_user` VALUES (164, 154, '18327646666', NULL, NULL, NULL, NULL, NULL, NULL, NULL, '测试用户1', NULL, '123456@163.com', NULL, NULL, NULL, NULL, NULL, '2018-11-05 21:28:17', NULL, NULL, NULL, NULL, NULL, NULL, NULL, 1, 0);
INSERT INTO `t_user` VALUES (165, 155, '13163219117', NULL, NULL, NULL, NULL, NULL, NULL, NULL, '郑成', NULL, '578142543@qq.com', NULL, NULL, NULL, NULL, NULL, '2018-11-10 14:18:38', NULL, NULL, NULL, NULL, NULL, NULL, NULL, 1, 0);
INSERT INTO `t_user` VALUES (166, 156, '18327646655', '450e992927c753bc3ca7c6a6b5c1f8c0', NULL, NULL, NULL, NULL, NULL, NULL, '哦哦哦哦哦哦', NULL, '1477421@qq.com', NULL, NULL, NULL, NULL, NULL, '2018-11-12 16:37:54', NULL, NULL, NULL, NULL, NULL, NULL, NULL, 1, 0);
INSERT INTO `t_user` VALUES (167, 157, '13632145698', '74e9c9f2de6a1f2f73b8d62727449a5e', NULL, NULL, NULL, NULL, NULL, NULL, '111', NULL, 's-x_3a1@163.com', NULL, NULL, NULL, NULL, NULL, '2018-11-12 16:41:42', NULL, NULL, NULL, NULL, NULL, NULL, NULL, 1, NULL);
INSERT INTO `t_user` VALUES (168, 158, '13986529598', NULL, NULL, NULL, NULL, NULL, NULL, NULL, 'xuwwww1', NULL, '3045729@QQ.COM', NULL, NULL, NULL, NULL, NULL, '2018-11-19 13:06:11', NULL, NULL, NULL, NULL, NULL, NULL, NULL, 1, 1);
INSERT INTO `t_user` VALUES (176, 166, NULL, NULL, NULL, NULL, NULL, NULL, NULL, NULL, 'zhmin0909', NULL, 'zhmi0909@126.com', NULL, NULL, NULL, NULL, NULL, '2018-11-24 16:53:25', NULL, NULL, NULL, NULL, NULL, NULL, NULL, 1, 0);
INSERT INTO `t_user` VALUES (180, 170, '18327646699', NULL, NULL, NULL, NULL, NULL, NULL, NULL, '2@163.com', NULL, '123321@qq.com', NULL, NULL, NULL, NULL, NULL, '2018-11-30 14:08:31', NULL, NULL, NULL, NULL, NULL, NULL, NULL, 1, 0);
INSERT INTO `t_user` VALUES (181, 171, '18327646644', NULL, NULL, NULL, NULL, NULL, NULL, NULL, '464121365465', NULL, '147741@qq.com', NULL, NULL, NULL, NULL, NULL, '2018-11-30 14:30:46', NULL, NULL, NULL, NULL, NULL, NULL, NULL, 1, 0);
INSERT INTO `t_user` VALUES (182, 177, '18171261465', NULL, NULL, NULL, NULL, NULL, NULL, NULL, '18171261465', NULL, '', NULL, NULL, NULL, NULL, NULL, '2018-12-18 11:30:21', NULL, NULL, NULL, NULL, NULL, NULL, NULL, 1, 1);
INSERT INTO `t_user` VALUES (183, 183, '18327646670', NULL, NULL, NULL, NULL, NULL, NULL, NULL, '街边巷怀中的人', NULL, '18327646670@qq.com', NULL, NULL, NULL, NULL, NULL, '2019-05-13 01:47:39', NULL, NULL, NULL, NULL, NULL, NULL, '192.168.0.131', 1, 0);
INSERT INTO `t_user` VALUES (188, 187, '13172950834', NULL, NULL, NULL, NULL, NULL, NULL, NULL, '可口可乐', NULL, NULL, NULL, NULL, NULL, NULL, NULL, '2019-05-13 17:54:37', NULL, NULL, NULL, NULL, NULL, NULL, '192.168.0.122', 1, 1);
INSERT INTO `t_user` VALUES (189, 188, '1234567891', 'a6b2b819ca568b5fed97292aa781832a', NULL, NULL, NULL, NULL, NULL, NULL, '百事可乐', NULL, '123456@qq.com', NULL, NULL, NULL, NULL, '湖北黄州', NULL, NULL, NULL, NULL, NULL, NULL, NULL, '192.168.0.131', 0, 0);
INSERT INTO `t_user` VALUES (190, 189, '13135693523', '393d5119895db5b797a798e9bf4bcd5e', NULL, NULL, NULL, NULL, NULL, NULL, '勿忘', NULL, '123456@qq.com', NULL, NULL, NULL, NULL, NULL, NULL, NULL, NULL, NULL, NULL, NULL, NULL, '192.168.0.131', 1, 1);
INSERT INTO `t_user` VALUES (191, 190, '1217295083', '1bb9f214cb9a0ad16f6e2291728fadd5', NULL, NULL, NULL, NULL, NULL, NULL, '烧烤', NULL, NULL, NULL, NULL, NULL, NULL, NULL, NULL, NULL, NULL, NULL, NULL, NULL, NULL, '192.168.0.122', 0, 0);
INSERT INTO `t_user` VALUES (192, 191, '18694047411', '6ddbb74afe2672c03ce9cff790ac0495', NULL, NULL, NULL, NULL, NULL, NULL, 'kiss', NULL, NULL, NULL, NULL, NULL, NULL, NULL, NULL, NULL, NULL, NULL, NULL, NULL, NULL, '192.168.0.44', 1, 1);

SET FOREIGN_KEY_CHECKS = 1;
